MSA_GEOID,Core Based Statistical Area,Pollutant,Trend Statistic,Number of Trend Sites,Pollutant 1990,Pollutant 1991,Pollutant 1992,Pollutant 1993,Pollutant 1994,Pollutant 1995,Pollutant 1996,Pollutant 1997,Pollutant 1998,Pollutant 1999,Pollutant 2000,Pollutant 2001,Pollutant 2002,Pollutant 2003,Pollutant 2004,Pollutant 2005,Pollutant 2006,Pollutant 2007,Pollutant 2008,Pollutant 2009,Pollutant 2010,Pollutant 2011,Pollutant 2012,Pollutant 2013,Pollutant 2014,Pollutant 2015,Pollutant 2016,MSA,Population 1990,Population 1991,Population 1992,Population 1993,Population 1994,Population 1995,Population 1996,Population 1997,Population 1998,Population 1999,Population 2000,Population 2001,Population 2002,Population 2003,Population 2004,Population 2005,Population 2006,Population 2007,Population 2008,Population 2009,Population 2010,Density 1990,Density 1991,Density 1992,Density 1993,Density 1994,Density 1995,Density 1996,Density 1997,Density 1998,Density 1999,Density 2000,Density 2001,Density 2002,Density 2003,Density 2004,Density 2005,Density 2006,Density 2007,Density 2008,Density 2009,Density 2010,state(s),cbsafp,affgeoid,geoid,name,csafp,aland,awater,cartodb_id,created_at,lsad,region
49700,"Yuba City, CA",O3,4th Max,1,0.076,0.08,0.09,0.078,0.089,0.085,0.085,0.072,0.088,0.083,0.079,0.081,0.08,0.076,0.073,0.073,0.078,0.072,0.068,0.066,0.066,0.064,0.069,0.06,0.069,0.064,0.063,"Yuba City, CA MSA",122643,124293.6,125944.2,127594.8,129245.4,130896,132546.6,134197.2,135847.8,137498.4,139149,141923.3,144697.6,147471.9,150246.2,153020.5,155794.8,158569.1,161343.4,164117.7,166892,99.5,100.83,102.16,103.49,104.82,106.15,107.48,108.81,110.14,111.47,112.8,115.04,117.28,119.52,121.76,124,126.24,128.48,130.72,132.96,135.2, CA,49700,310M200US49700,49700,"Yuba City, CA",472,3197202340,46750406,607,2015-03-23 13:36:50.527643+00,M1,Far West
49660,"Youngstown-Warren-Boardman, OH-PA",O3,4th Max,2,0.09,0.093,0.09,0.085,0.086,0.094,0.09,0.092,0.103,0.093,0.081,0.091,0.099,0.088,0.077,0.085,0.077,0.082,0.077,0.07,0.075,0.073,0.082,0.066,0.068,0.066,0.068,"Youngstown--Warren, OH MSA",492619,502831.7,513044.4,523257.1,533469.8,543682.5,553895.2,564107.9,574320.6,584533.3,594746,591848.7,588951.4,586054.1,583156.8,580259.5,577362.2,574464.9,571567.6,568670.3,565773,477.8,468.04,458.28,448.52,438.76,429,419.24,409.48,399.72,389.96,380.2,375.41,370.62,365.83,361.04,356.25,351.46,346.67,341.88,337.09,332.3, OH-PA,49660,310M200US49660,49660,"Youngstown-Warren-Boardman, OH-PA",566,4409142508,108732898,855,2015-03-23 13:36:50.527643+00,M1,Great Lakes
49620,"York-Hanover, PA",O3,4th Max,1,0.097,0.1,0.083,0.09,0.082,0.086,0.081,0.094,0.095,0.094,0.09,0.087,0.101,0.081,0.077,0.089,0.077,0.084,0.081,0.068,0.073,0.074,0.076,0.068,0.063,0.068,0.069,"York, PA MSA",417848,414238.3,410628.6,407018.9,403409.2,399799.5,396189.8,392580.1,388970.4,385360.7,381751,387073.1,392395.2,397717.3,403039.4,408361.5,413683.6,419005.7,424327.8,429649.9,434972,293.3,306.18,319.06,331.94,344.82,357.7,370.58,383.46,396.34,409.22,422.1,428,433.9,439.8,445.7,451.6,457.5,463.4,469.3,475.2,481.1, PA,49620,310M200US49620,49620,"York-Hanover, PA",276,2341819924,16940560,650,2015-03-23 13:36:50.527643+00,M1,Mideast
49340,"Worcester, MA-CT",O3,4th Max,1,0.097,0.097,0.097,0.092,0.097,0.096,0.074,0.092,0.097,0.093,0.076,0.088,0.091,0.08,0.074,0.085,0.077,0.089,0.081,0.077,0.07,0.065,0.07,0.067,0.065,0.063,0.066,"Worcester, MA--CT PMSA",436905,444353.4,451801.8,459250.2,466698.6,474147,481595.4,489043.8,496492.2,503940.6,511389,540105.3,568821.6,597537.9,626254.2,654970.5,683686.8,712403.1,741119.4,769835.7,798552,622.2,619.4,616.6,613.8,611,608.2,605.4,602.6,599.8,597,594.2,587.64,581.08,574.52,567.96,561.4,554.84,548.28,541.72,535.16,528.6, MA-CT,49340,310M200US49340,49340,"Worcester, MA-CT",148,5240892553,199153478,537,2015-03-23 13:36:50.527643+00,M1,New England
48900,"Wilmington, NC",O3,4th Max,1,0.082,0.083,0.083,0.083,0.082,0.079,0.076,0.083,0.087,0.067,0.08,0.078,0.08,0.076,0.07,0.075,0.072,0.071,0.063,0.06,0.062,0.064,0.064,0.064,0.063,0.057,0.06,"Wilmington, NC MSA",120284,131600.6,142917.2,154233.8,165550.4,176867,188183.6,199500.2,210816.8,222133.4,233450,246336.5,259223,272109.5,284996,297882.5,310769,323655.5,336542,349428.5,362315,520.2,490.33,460.46,430.59,400.72,370.85,340.98,311.11,281.24,251.37,221.5,218.34,215.18,212.02,208.86,205.7,202.54,199.38,196.22,193.06,189.9, NC,48900,310M200US48900,48900,"Wilmington, NC",,2749031421,516884897,622,2015-03-23 13:36:50.527643+00,M1,Southeast
48620,"Wichita, KS",O3,4th Max,1,0.077,0.072,0.07,0.059,0.067,0.069,0.074,0.079,0.083,0.079,0.08,0.084,0.079,0.08,0.068,0.074,0.073,0.06,0.067,0.072,0.075,0.079,0.08,0.071,0.069,0.064,0.062,"Wichita, KS MSA",485270,491265,497260,503255,509250,515245,521240,527235,533230,539225,545220,553004.1,560788.2,568572.3,576356.4,584140.5,591924.6,599708.7,607492.8,615276.9,623061,163.5,165.53,167.56,169.59,171.62,173.65,175.68,177.71,179.74,181.77,183.8,171.2,158.6,146,133.4,120.8,108.2,95.6,83,70.4,57.8, KS,48620,310M200US48620,48620,"Wichita, KS",556,12981358617,92861352,732,2015-03-23 13:36:50.527643+00,M1,Plains
48140,"Wausau, WI",O3,4th Max,1,0.081,0.081,0.081,0.066,0.064,0.075,0.07,0.068,0.077,0.084,0.073,0.072,0.073,0.074,0.065,0.075,0.066,0.072,0.064,0.06,0.06,0.065,0.069,0.063,0.064,0.063,0.064,"Wausau, WI MSA",115400,116443.4,117486.8,118530.2,119573.6,120617,121660.4,122703.8,123747.2,124790.6,125834,126656.9,127479.8,128302.7,129125.6,129948.5,130771.4,131594.3,132417.2,133240.1,134063,74.7,75.37,76.04,76.71,77.38,78.05,78.72,79.39,80.06,80.73,81.4,81.94,82.48,83.02,83.56,84.1,84.64,85.18,85.72,86.26,86.8, WI,48140,310M200US48140,48140,"Wausau, WI",554,4001546323,81139027,41,2015-03-23 13:36:50.527643+00,M1,Great Lakes
47300,"Visalia-Porterville, CA",O3,4th Max,2,0.099,0.098,0.1,0.107,0.108,0.1,0.104,0.096,0.102,0.099,0.095,0.098,0.105,0.098,0.092,0.096,0.095,0.089,0.103,0.086,0.087,0.08,0.088,0.081,0.082,0.085,0.082,"Visalia--Tulare--Porterville, CA MSA",311921,317531,323141,328751,334361,339971,345581,351191,356801,362411,368021,375436.8,382852.6,390268.4,397684.2,405100,412515.8,419931.6,427347.4,434763.2,442179,64.7,65.86,67.02,68.18,69.34,70.5,71.66,72.82,73.98,75.14,76.3,77.84,79.38,80.92,82.46,84,85.54,87.08,88.62,90.16,91.7, CA,47300,310M200US47300,47300,"Visalia-Porterville, CA",546,12494776154,37391591,673,2015-03-23 13:36:50.527643+00,M1,Far West
47220,"Vineland-Bridgeton, NJ",O3,4th Max,1,0.11,0.107,0.087,0.103,0.086,0.091,0.086,0.104,0.098,0.096,0.094,0.101,0.101,0.085,0.083,0.085,0.083,0.083,0.079,0.072,0.077,0.066,0.084,0.061,0.067,0.068,0.069,"Vineland--Millville--Bridgeton, NJ PMSA",138053,138891.5,139730,140568.5,141407,142245.5,143084,143922.5,144761,145599.5,146438,147484,148530,149576,150622,151668,152714,153760,154806,155852,156898,282.1,283.82,285.54,287.26,288.98,290.7,292.42,294.14,295.86,297.58,299.3,301.81,304.32,306.83,309.34,311.85,314.36,316.87,319.38,321.89,324.4, NJ,47220,310M200US47220,47220,"Vineland-Bridgeton, NJ",428,1252937982,502092013,632,2015-03-23 13:36:50.527643+00,M1,Mideast
47020,"Victoria, TX",O3,4th Max,1,0.078,0.078,0.078,0.081,0.078,0.087,0.071,0.078,0.078,0.086,0.079,0.073,0.078,0.084,0.075,0.071,0.071,0.066,0.062,0.068,0.068,0.074,0.066,0.062,0.062,0.07,0.064,"Victoria, TX MSA",74361,75333.7,76306.4,77279.1,78251.8,79224.5,80197.2,81169.9,82142.6,83115.3,84088,87217.6,90347.2,93476.8,96606.4,99736,102865.6,105995.2,109124.8,112254.4,115384,84.3,85.4,86.5,87.6,88.7,89.8,90.9,92,93.1,94.2,95.3,90.92,86.54,82.16,77.78,73.4,69.02,64.64,60.26,55.88,51.5, TX,47020,310M200US47020,47020,"Victoria, TX",544,4491432457,36383637,570,2015-03-23 13:36:50.527643+00,M1,Southwest
46700,"Vallejo-Fairfield, CA",O3,4th Max,1,0.066,0.058,0.063,0.068,0.066,0.071,0.075,0.056,0.059,0.072,0.051,0.063,0.062,0.07,0.064,0.048,0.06,0.054,0.067,0.063,0.06,0.061,0.056,0.055,0.064,0.064,0.061,"Vallejo--Fairfield--Napa, CA PMSA",451186,457949.5,464713,471476.5,478240,485003.5,491767,498530.5,505294,512057.5,518821,508273.3,497725.6,487177.9,476630.2,466082.5,455534.8,444987.1,434439.4,423891.7,413344,285.2,289.46,293.72,297.98,302.24,306.5,310.76,315.02,319.28,323.54,327.8,345.32,362.84,380.36,397.88,415.4,432.92,450.44,467.96,485.48,503, CA,46700,310M200US46700,46700,"Vallejo-Fairfield, CA",488,2128362628,218664495,560,2015-03-23 13:36:50.527643+00,M1,Far West
46540,"Utica-Rome, NY",O3,4th Max,1,0.074,0.074,0.074,0.066,0.07,0.076,0.062,0.072,0.071,0.074,0.067,0.076,0.079,0.075,0.064,0.068,0.067,0.075,0.069,0.067,0.065,0.058,0.065,0.061,0.057,0.061,0.071,"Utica--Rome, NY MSA",316633,314959.3,313285.6,311611.9,309938.2,308264.5,306590.8,304917.1,303243.4,301569.7,299896,299846.1,299796.2,299746.3,299696.4,299646.5,299596.6,299546.7,299496.8,299446.9,299397,120.6,119.97,119.34,118.71,118.08,117.45,116.82,116.19,115.56,114.93,114.3,114.28,114.26,114.24,114.22,114.2,114.18,114.16,114.14,114.12,114.1, NY,46540,310M200US46540,46540,"Utica-Rome, NY",,6795957319,237512250,781,2015-03-23 13:36:50.527643+00,M1,Mideast
46140,"Tulsa, OK",O3,4th Max,2,0.09,0.086,0.078,0.076,0.085,0.094,0.085,0.082,0.087,0.088,0.089,0.081,0.083,0.085,0.071,0.078,0.081,0.071,0.073,0.07,0.071,0.083,0.084,0.07,0.064,0.064,0.065,"Tulsa, OK MSA",708954,718382.1,727810.2,737238.3,746666.4,756094.5,765522.6,774950.7,784378.8,793806.9,803235,816659.3,830083.6,843507.9,856932.2,870356.5,883780.8,897205.1,910629.4,924053.7,937478,141.4,143.28,145.16,147.04,148.92,150.8,152.68,154.56,156.44,158.32,160.2,159.13,158.06,156.99,155.92,154.85,153.78,152.71,151.64,150.57,149.5, OK,46140,310M200US46140,46140,"Tulsa, OK",538,16237914189,493634263,327,2015-03-23 13:36:50.527643+00,M1,Southwest
46060,"Tucson, AZ",O3,4th Max,4,0.073,0.073,0.072,0.077,0.074,0.078,0.074,0.073,0.073,0.07,0.074,0.067,0.075,0.074,0.069,0.075,0.072,0.07,0.071,0.066,0.068,0.072,0.069,0.069,0.065,0.065,0.065,"Tucson, AZ MSA",666880,684566.6,702253.2,719939.8,737626.4,755313,772999.6,790686.2,808372.8,826059.4,843746,857397.7,871049.4,884701.1,898352.8,912004.5,925656.2,939307.9,952959.6,966611.3,980263,72.6,74.52,76.44,78.36,80.28,82.2,84.12,86.04,87.96,89.88,91.8,93.29,94.78,96.27,97.76,99.25,100.74,102.23,103.72,105.21,106.7, AZ,46060,310M200US46060,46060,"Tucson, AZ",536,23794315879,5272990,360,2015-03-23 13:36:50.527643+00,M1,Southwest
45940,"Trenton, NJ",O3,4th Max,1,0.105,0.122,0.11,0.102,0.103,0.107,0.09,0.106,0.095,0.113,0.099,0.104,0.109,0.087,0.082,0.089,0.09,0.094,0.079,0.071,0.086,0.079,0.08,0.07,0.071,0.073,0.074,"Trenton, NJ PMSA",325824,328317.7,330811.4,333305.1,335798.8,338292.5,340786.2,343279.9,345773.6,348267.3,350761,352336.2,353911.4,355486.6,357061.8,358637,360212.2,361787.4,363362.6,364937.8,366513,1442,1453.05,1464.1,1475.15,1486.2,1497.25,1508.3,1519.35,1530.4,1541.45,1552.5,1560.47,1568.44,1576.41,1584.38,1592.35,1600.32,1608.29,1616.26,1624.23,1632.2, NJ,45940,310M200US45940,45940,"Trenton, NJ",408,581626924,11191986,827,2015-03-23 13:36:50.527643+00,M1,Mideast
45780,"Toledo, OH",O3,4th Max,1,0.088,0.088,0.08,0.089,0.091,0.091,0.091,0.085,0.081,0.086,0.078,0.091,0.096,0.094,0.078,0.087,0.074,0.078,0.073,0.072,0.072,0.074,0.082,0.065,0.065,0.064,0.063,"Toledo, OH MSA",614128,614535.5,614943,615350.5,615758,616165.5,616573,616980.5,617388,617795.5,618203,621525.6,624848.2,628170.8,631493.4,634816,638138.6,641461.2,644783.8,648106.4,651429,450,450.3,450.6,450.9,451.2,451.5,451.8,452.1,452.4,452.7,453,447.95,442.9,437.85,432.8,427.75,422.7,417.65,412.6,407.55,402.5, OH,45780,310M200US45780,45780,"Toledo, OH",534,3531459906,673620446,831,2015-03-23 13:36:50.527643+00,M1,Great Lakes
45460,"Terre Haute, IN",O3,4th Max,1,0.087,0.088,0.069,0.074,0.094,0.085,0.098,0.083,0.084,0.082,0.075,0.082,0.082,0.066,0.057,0.064,0.06,0.077,0.059,0.058,0.063,0.067,0.075,0.061,0.062,0.064,0.069,"Terre Haute, IN MSA",130812,132650,134488,136326,138164,140002,141840,143678,145516,147354,149192,151515.3,153838.6,156161.9,158485.2,160808.5,163131.8,165455.1,167778.4,170101.7,172425,171.9,169.37,166.84,164.31,161.78,159.25,156.72,154.19,151.66,149.13,146.6,143.71,140.82,137.93,135.04,132.15,129.26,126.37,123.48,120.59,117.7, IN,45460,310M200US45460,45460,"Terre Haute, IN",,3794374486,51286347,900,2015-03-23 13:36:50.527643+00,M1,Great Lakes
45300,"Tampa-St. Petersburg-Clearwater, FL",O3,4th Max,7,0.08,0.07,0.074,0.071,0.075,0.075,0.074,0.08,0.091,0.084,0.081,0.081,0.069,0.077,0.074,0.075,0.074,0.075,0.075,0.064,0.067,0.071,0.066,0.066,0.065,0.062,0.064,"Tampa--St. Petersburg--Clearwater, FL MSA",2067959,2100762.8,2133566.6,2166370.4,2199174.2,2231978,2264781.8,2297585.6,2330389.4,2363193.2,2395997,2434721.6,2473446.2,2512170.8,2550895.4,2589620,2628344.6,2667069.2,2705793.8,2744518.4,2783243,809.5,822.36,835.22,848.08,860.94,873.8,886.66,899.52,912.38,925.24,938.1,955.02,971.94,988.86,1005.78,1022.7,1039.62,1056.54,1073.46,1090.38,1107.3, FL,45300,310M200US45300,45300,"Tampa-St. Petersburg-Clearwater, FL",,6511715485,2116363967,475,2015-03-23 13:36:50.527643+00,M1,Southeast
45060,"Syracuse, NY",O3,4th Max,1,0.089,0.089,0.085,0.08,0.077,0.09,0.07,0.079,0.082,0.086,0.074,0.085,0.091,0.081,0.066,0.077,0.071,0.081,0.07,0.061,0.073,0.069,0.074,0.065,0.063,0.063,0.067,"Syracuse, NY MSA",659864,667089.3,674314.6,681539.9,688765.2,695990.5,703215.8,710441.1,717666.4,724891.7,732117,725163,718209,711255,704301,697347,690393,683439,676485,669531,662577,276.1,272.24,268.38,264.52,260.66,256.8,252.94,249.08,245.22,241.36,237.5,241.53,245.56,249.59,253.62,257.65,261.68,265.71,269.74,273.77,277.8, NY,45060,310M200US45060,45060,"Syracuse, NY",532,6176905547,1020646829,773,2015-03-23 13:36:50.527643+00,M1,Mideast
44700,"Stockton-Lodi, CA",O3,4th Max,1,0.083,0.082,0.083,0.078,0.085,0.09,0.08,0.071,0.086,0.085,0.076,0.076,0.074,0.075,0.073,0.073,0.083,0.075,0.077,0.07,0.07,0.066,0.072,0.064,0.071,0.069,0.066,"Stockton--Lodi, CA MSA",480628,488925,497222,505519,513816,522113,530410,538707,547004,555301,563598,575768.8,587939.6,600110.4,612281.2,624452,636622.8,648793.6,660964.4,673135.2,685306,343.5,349.43,355.36,361.29,367.22,373.15,379.08,385.01,390.94,396.87,402.8,411.78,420.76,429.74,438.72,447.7,456.68,465.66,474.64,483.62,492.6, CA,44700,310M200US44700,44700,"Stockton-Lodi, CA",488,3603645870,91127736,694,2015-03-23 13:36:50.527643+00,M1,Far West
41180,"St. Louis, MO-IL",O3,4th Max,7,0.085,0.084,0.08,0.08,0.085,0.092,0.087,0.085,0.085,0.09,0.082,0.079,0.092,0.084,0.074,0.087,0.078,0.081,0.068,0.068,0.075,0.078,0.085,0.069,0.068,0.067,0.072,"St. Louis, MO--IL MSA",2444099,2460049.8,2476000.6,2491951.4,2507902.2,2523853,2539803.8,2555754.6,2571705.4,2587656.2,2603607,2624535.9,2645464.8,2666393.7,2687322.6,2708251.5,2729180.4,2750109.3,2771038.2,2791967.1,2812896,458.5,453.38,448.26,443.14,438.02,432.9,427.78,422.66,417.54,412.42,407.3,399.19,391.08,382.97,374.86,366.75,358.64,350.53,342.42,334.31,326.2, MO-IL,41180,310M200US41180,41180,"St. Louis, MO-IL",476,20366562375,565401629,840,2015-03-23 13:36:50.527643+00,M1,Plains
44180,"Springfield, MO",O3,4th Max,1,0.061,0.064,0.067,0.067,0.073,0.085,0.081,0.068,0.071,0.081,0.074,0.071,0.074,0.072,0.064,0.077,0.074,0.08,0.067,0.062,0.066,0.073,0.075,0.062,0.06,0.061,0.058,"Springfield, MO MSA",240593,249105.8,257618.6,266131.4,274644.2,283157,291669.8,300182.6,308695.4,317208.2,325721,336820.1,347919.2,359018.3,370117.4,381216.5,392315.6,403414.7,414513.8,425612.9,436712,194.3,192.65,191,189.35,187.7,186.05,184.4,182.75,181.1,179.45,177.8,174.54,171.28,168.02,164.76,161.5,158.24,154.98,151.72,148.46,145.2, MO,44180,310M200US44180,44180,"Springfield, MO",520,7787628880,35980421,215,2015-03-23 13:36:50.527643+00,M1,Plains
44140,"Springfield, MA",O3,4th Max,3,0.092,0.097,0.094,0.093,0.094,0.091,0.083,0.095,0.089,0.089,0.075,0.089,0.096,0.073,0.074,0.086,0.083,0.088,0.077,0.074,0.073,0.067,0.073,0.066,0.065,0.067,0.07,"Springfield, MA MSA",529519,535760.3,542001.6,548242.9,554484.2,560725.5,566966.8,573208.1,579449.4,585690.7,591932,602033,612134,622235,632336,642437,652538,662639,672740,682841,692942,891.1,882.46,873.82,865.18,856.54,847.9,839.26,830.62,821.98,813.34,804.7,761.81,718.92,676.03,633.14,590.25,547.36,504.47,461.58,418.69,375.8, MA,44140,310M200US44140,44140,"Springfield, MA",521,2964007329,90781038,426,2015-03-23 13:36:50.527643+00,M1,New England
44060,"Spokane-Spokane Valley, WA",O3,4th Max,1,0.057,0.061,0.063,0.06,0.068,0.065,0.067,0.068,0.07,0.065,0.068,0.071,0.071,0.079,0.069,0.067,0.069,0.064,0.058,0.057,0.058,0.056,0.063,0.062,0.06,0.063,0.056,"Spokane, WA MSA",361364,367021.5,372679,378336.5,383994,389651.5,395309,400966.5,406624,412281.5,417939,423267.2,428595.4,433923.6,439251.8,444580,449908.2,455236.4,460564.6,465892.8,471221,204.9,208.11,211.32,214.53,217.74,220.95,224.16,227.37,230.58,233.79,237,240.02,243.04,246.06,249.08,252.1,255.12,258.14,261.16,264.18,267.2, WA,44060,310M200US44060,44060,"Spokane-Spokane Valley, WA",518,14611487513,272314704,581,2015-03-23 13:36:50.527643+00,M1,Far West
43780,"South Bend-Mishawaka, IN-MI",O3,4th Max,1,0.09,0.09,0.075,0.077,0.089,0.1,0.091,0.084,0.09,0.087,0.079,0.08,0.092,0.081,0.073,0.078,0.07,0.075,0.063,0.06,0.06,0.064,0.07,0.057,0.059,0.058,0.069,"South Bend, IN MSA",247052,248902.7,250753.4,252604.1,254454.8,256305.5,258156.2,260006.9,261857.6,263708.3,265559,270925.5,276292,281658.5,287025,292391.5,297758,303124.5,308491,313857.5,319224,540.2,544.25,548.3,552.35,556.4,560.45,564.5,568.55,572.6,576.65,580.7,556.31,531.92,507.53,483.14,458.75,434.36,409.97,385.58,361.19,336.8, IN-MI,43780,310M200US43780,43780,"South Bend-Mishawaka, IN-MI",515,2455177044,56341408,662,2015-03-23 13:36:50.527643+00,M1,Great Lakes
43340,"Shreveport-Bossier City, LA",O3,4th Max,2,0.088,0.081,0.083,0.088,0.08,0.081,0.079,0.084,0.09,0.091,0.09,0.081,0.076,0.08,0.072,0.082,0.084,0.073,0.069,0.073,0.078,0.083,0.071,0.068,0.066,0.066,0.064,"Shreveport--Bossier City, LA MSA",334341,340137.1,345933.2,351729.3,357525.4,363321.5,369117.6,374913.7,380709.8,386505.9,392302,392932.2,393562.4,394192.6,394822.8,395453,396083.2,396713.4,397343.6,397973.8,398604,194.3,191.81,189.32,186.83,184.34,181.85,179.36,176.87,174.38,171.89,169.4,167.83,166.26,164.69,163.12,161.55,159.98,158.41,156.84,155.27,153.7, LA,43340,310M200US43340,43340,"Shreveport-Bossier City, LA",,8255229021,326622308,649,2015-03-23 13:36:50.527643+00,M1,Southeast
42660,"Seattle-Tacoma-Bellevue, WA",O3,4th Max,1,0.082,0.066,0.073,0.06,0.06,0.062,0.073,0.058,0.063,0.054,0.056,0.051,0.054,0.065,0.062,0.053,0.07,0.058,0.054,0.064,0.053,0.054,0.059,0.048,0.052,0.059,0.054,"Seattle--Bellevue--Everett, WA PMSA",1972961,2017126.5,2061292,2105457.5,2149623,2193788.5,2237954,2282119.5,2326285,2370450.5,2414616,2517135.3,2619654.6,2722173.9,2824693.2,2927212.5,3029731.8,3132251.1,3234770.4,3337289.7,3439809,467.9,475.7,483.5,491.3,499.1,506.9,514.7,522.5,530.3,538.1,545.9,549.89,553.88,557.87,561.86,565.85,569.84,573.83,577.82,581.81,585.8, WA,42660,310M200US42660,42660,"Seattle-Tacoma-Bellevue, WA",500,15208915217,1132731022,269,2015-03-23 13:36:50.527643+00,M1,Far West
42540,"Scranton--Wilkes-Barre--Hazleton, PA",O3,4th Max,3,0.096,0.102,0.082,0.091,0.086,0.09,0.083,0.089,0.088,0.094,0.074,0.087,0.092,0.076,0.072,0.08,0.071,0.075,0.075,0.061,0.07,0.068,0.071,0.065,0.06,0.068,0.068,"Scranton--Wilkes-Barre--Hazleton, PA MSA",734175,723235.1,712295.2,701355.3,690415.4,679475.5,668535.6,657595.7,646655.8,635715.9,624776,618661.5,612547,606432.5,600318,594203.5,588089,581974.5,575860,569745.5,563631,258.5,260.64,262.78,264.92,267.06,269.2,271.34,273.48,275.62,277.76,279.9,284.18,288.46,292.74,297.02,301.3,305.58,309.86,314.14,318.42,322.7, PA,42540,310M200US42540,42540,"Scranton--Wilkes-Barre--Hazleton, PA",,4524119959,76248561,255,2015-03-23 13:36:50.527643+00,M1,Mideast
42220,"Santa Rosa, CA",O3,4th Max,1,0.063,0.063,0.063,0.067,0.065,0.071,0.066,0.081,0.086,0.081,0.061,0.065,0.065,0.058,0.06,0.05,0.056,0.06,0.058,0.051,0.053,0.056,0.058,0.055,0.062,0.059,0.055,"Santa Rosa, CA PMSA",388222,395261.2,402300.4,409339.6,416378.8,423418,430457.2,437496.4,444535.6,451574.8,458614,461140.4,463666.8,466193.2,468719.6,471246,473772.4,476298.8,478825.2,481351.6,483878,246.3,250.77,255.24,259.71,264.18,268.65,273.12,277.59,282.06,286.53,291,292.61,294.22,295.83,297.44,299.05,300.66,302.27,303.88,305.49,307.1, CA,42220,310M200US42220,42220,"Santa Rosa, CA",488,4081401368,497545779,323,2015-03-23 13:36:50.527643+00,M1,Far West
42020,"San Luis Obispo-Paso Robles-Arroyo Grande, CA",O3,4th Max,3,0.073,0.07,0.069,0.067,0.068,0.068,0.074,0.065,0.076,0.07,0.064,0.067,0.069,0.067,0.067,0.062,0.065,0.062,0.064,0.06,0.062,0.061,0.06,0.057,0.06,0.06,0.059,"San Luis Obispo--Atascadero--Paso Robles, CA MSA",,,,,,,,,,,246681,248976.6,251272.2,253567.8,255863.4,258159,260454.6,262750.2,265045.8,267341.4,269637,,,,,,,,,,,74.7,75.4,76.1,76.8,77.5,78.2,78.9,79.6,80.3,81,81.7, CA,42020,310M200US42020,42020,"San Luis Obispo-Paso Robles-Arroyo Grande, CA",,8543653416,820437991,72,2015-03-23 13:36:50.527643+00,M1,Far West
41940,"San Jose-Sunnyvale-Santa Clara, CA",O3,4th Max,4,0.079,0.08,0.078,0.08,0.074,0.085,0.087,0.069,0.082,0.076,0.07,0.074,0.081,0.079,0.072,0.065,0.079,0.068,0.075,0.071,0.073,0.065,0.064,0.064,0.069,0.067,0.063,"San Jose, CA PMSA",1497577,1516077.8,1534578.6,1553079.4,1571580.2,1590081,1608581.8,1627082.6,1645583.4,1664084.2,1682585,1698017.6,1713450.2,1728882.8,1744315.4,1759748,1775180.6,1790613.2,1806045.8,1821478.4,1836911,1159.8,1174.18,1188.56,1202.94,1217.32,1231.7,1246.08,1260.46,1274.84,1289.22,1303.6,1241.81,1180.02,1118.23,1056.44,994.65,932.86,871.07,809.28,747.49,685.7, CA,41940,310M200US41940,41940,"San Jose-Sunnyvale-Santa Clara, CA",488,6938469229,40399480,137,2015-03-23 13:36:50.527643+00,M1,Far West
41740,"San Diego-Carlsbad, CA",O3,4th Max,5,0.105,0.103,0.098,0.092,0.087,0.087,0.084,0.083,0.083,0.073,0.075,0.075,0.075,0.071,0.075,0.07,0.073,0.073,0.08,0.071,0.069,0.066,0.066,0.066,0.068,0.064,0.065,"San Diego, CA MSA",2498016,2529597.7,2561179.4,2592761.1,2624342.8,2655924.5,2687506.2,2719087.9,2750669.6,2782251.3,2813833,2841981,2870129,2898277,2926425,2954573,2982721,3010869,3039017,3067165,3095313,594.1,601.69,609.28,616.87,624.46,632.05,639.64,647.23,654.82,662.41,670,676.58,683.16,689.74,696.32,702.9,709.48,716.06,722.64,729.22,735.8, CA,41740,310M200US41740,41740,"San Diego-Carlsbad, CA",,10895213672,826296339,538,2015-03-23 13:36:50.527643+00,M1,Far West
41700,"San Antonio-New Braunfels, TX",O3,4th Max,1,0.09,0.077,0.067,0.084,0.083,0.095,0.082,0.084,0.09,0.091,0.078,0.078,0.104,0.086,0.085,0.084,0.081,0.071,0.078,0.075,0.072,0.079,0.081,0.076,0.069,0.079,0.071,"San Antonio, TX MSA",1302099,1331127.4,1360155.8,1389184.2,1418212.6,1447241,1476269.4,1505297.8,1534326.2,1563354.6,1592383,1647395.5,1702408,1757420.5,1812433,1867445.5,1922458,1977470.5,2032483,2087495.5,2142508,516.8,512.99,509.18,505.37,501.56,497.75,493.94,490.13,486.32,482.51,478.7,460.13,441.56,422.99,404.42,385.85,367.28,348.71,330.14,311.57,293, TX,41700,310M200US41700,41700,"San Antonio-New Braunfels, TX",,18939839605,150588190,202,2015-03-23 13:36:50.527643+00,M1,Southwest
41500,"Salinas, CA",O3,4th Max,1,0.066,0.065,0.067,0.077,0.068,0.064,0.07,0.061,0.057,0.063,0.063,0.063,0.066,0.065,0.07,0.056,0.06,0.059,0.06,0.057,0.063,0.056,0.054,0.059,0.063,0.059,0.056,"Salinas, CA MSA",355660,360270.2,364880.4,369490.6,374100.8,378711,383321.2,387931.4,392541.6,397151.8,401762,403091.5,404421,405750.5,407080,408409.5,409739,411068.5,412398,413727.5,415057,107.1,108.48,109.86,111.24,112.62,114,115.38,116.76,118.14,119.52,120.9,121.46,122.02,122.58,123.14,123.7,124.26,124.82,125.38,125.94,126.5, CA,41500,310M200US41500,41500,"Salinas, CA",,8496777451,1270701096,115,2015-03-23 13:36:50.527643+00,M1,Far West
40900,"Sacramento--Roseville--Arden-Arcade, CA",O3,4th Max,6,0.088,0.093,0.09,0.086,0.088,0.093,0.093,0.078,0.093,0.091,0.087,0.088,0.093,0.087,0.079,0.087,0.092,0.077,0.084,0.08,0.074,0.074,0.079,0.07,0.073,0.074,0.077,"Sacramento--Yolo, CA CMSA",,,,,,,,,,,1796857,1832084,1867311,1902538,1937765,1972992,2008219,2043446,2078673,2113900,2149127,,,,,,,,,,,352.7,359.62,366.54,373.46,380.38,387.3,394.22,401.14,408.06,414.98,421.9, CA,40900,310M200US40900,40900,"Sacramento--Roseville--Arden-Arcade, CA",472,13194448617,549284977,96,2015-03-23 13:36:50.527643+00,M1,Far West
40580,"Rocky Mount, NC",O3,4th Max,1,0.084,0.087,0.089,0.092,0.088,0.084,0.08,0.089,0.091,0.092,0.085,0.085,0.095,0.088,0.072,0.079,0.074,0.08,0.075,0.066,0.072,0.072,0.071,0.064,0.062,0.061,0.064,"Rocky Mount, NC MSA",,,,,,,,,,,143026,143962.6,144899.2,145835.8,146772.4,147709,148645.6,149582.2,150518.8,151455.4,152392,,,,,,,,,,,136.8,137.69,138.58,139.47,140.36,141.25,142.14,143.03,143.92,144.81,145.7, NC,40580,310M200US40580,40580,"Rocky Mount, NC",468,2708235052,9748810,633,2015-03-23 13:36:50.527643+00,M1,Southeast
40420,"Rockford, IL",O3,4th Max,1,0.072,0.076,0.083,0.066,0.079,0.086,0.078,0.073,0.071,0.077,0.07,0.075,0.078,0.071,0.061,0.075,0.063,0.073,0.06,0.067,0.063,0.068,0.074,0.063,0.07,0.066,0.07,"Rockford, IL MSA",283719,292470.7,301222.4,309974.1,318725.8,327477.5,336229.2,344980.9,353732.6,362484.3,371236,369055.5,366875,364694.5,362514,360333.5,358153,355972.5,353792,351611.5,349431,356.8,345.01,333.22,321.43,309.64,297.85,286.06,274.27,262.48,250.69,238.9,259.01,279.12,299.23,319.34,339.45,359.56,379.67,399.78,419.89,440, IL,40420,310M200US40420,40420,"Rockford, IL",466,2056738223,18555985,286,2015-03-23 13:36:50.527643+00,M1,Great Lakes
40380,"Rochester, NY",O3,4th Max,1,0.087,0.102,0.082,0.082,0.078,0.096,0.069,0.085,0.086,0.089,0.07,0.086,0.094,0.084,0.065,0.065,0.064,0.078,0.073,0.061,0.071,0.058,0.072,0.066,0.064,0.061,0.067,"Rochester, NY MSA",1002410,1011989.1,1021568.2,1031147.3,1040726.4,1050305.5,1059884.6,1069463.7,1079042.8,1088621.9,1098201,1093813.2,1089425.4,1085037.6,1080649.8,1076262,1071874.2,1067486.4,1063098.6,1058710.8,1054323,341.9,339.77,337.64,335.51,333.38,331.25,329.12,326.99,324.86,322.73,320.6,324.55,328.5,332.45,336.4,340.35,344.3,348.25,352.2,356.15,360.1, NY,40380,310M200US40380,40380,"Rochester, NY",464,8459599412,5126898044,580,2015-03-23 13:36:50.527643+00,M1,Mideast
40220,"Roanoke, VA",O3,4th Max,1,0.075,0.077,0.072,0.084,0.084,0.079,0.073,0.084,0.099,0.089,0.081,0.089,0.091,0.077,0.071,0.076,0.076,0.076,0.071,0.064,0.073,0.067,0.07,0.057,0.06,0.062,0.064,"Roanoke, VA MSA",224477,225622.5,226768,227913.5,229059,230204.5,231350,232495.5,233641,234786.5,235932,243209.5,250487,257764.5,265042,272319.5,279597,286874.5,294152,301429.5,308707,263.8,265.14,266.48,267.82,269.16,270.5,271.84,273.18,274.52,275.86,277.2,266,254.8,243.6,232.4,221.2,210,198.8,187.6,176.4,165.2, VA,40220,310M200US40220,40220,"Roanoke, VA",,4839940345,72650058,463,2015-03-23 13:36:50.527643+00,M1,Southeast
40140,"Riverside-San Bernardino-Ontario, CA",O3,4th Max,13,0.146,0.151,0.144,0.138,0.137,0.129,0.126,0.111,0.128,0.103,0.104,0.113,0.109,0.115,0.103,0.102,0.105,0.103,0.104,0.096,0.093,0.097,0.095,0.091,0.091,0.094,0.096,"Riverside--San Bernardino, CA PMSA",2588793,2655395.8,2721998.6,2788601.4,2855204.2,2921807,2988409.8,3055012.6,3121615.4,3188218.2,3254821,3351824,3448827,3545830,3642833,3739836,3836839,3933842,4030845,4127848,4224851,94.9,97.35,99.8,102.25,104.7,107.15,109.6,112.05,114.5,116.95,119.4,122.96,126.52,130.08,133.64,137.2,140.76,144.32,147.88,151.44,155, CA,40140,310M200US40140,40140,"Riverside-San Bernardino-Ontario, CA",348,70612013193,374885513,251,2015-03-23 13:36:50.527643+00,M1,Far West
40060,"Richmond, VA",O3,4th Max,3,0.083,0.086,0.084,0.098,0.083,0.089,0.084,0.096,0.093,0.095,0.08,0.089,0.099,0.08,0.075,0.082,0.081,0.082,0.083,0.064,0.079,0.078,0.076,0.063,0.063,0.062,0.065,"Richmond--Petersburg, VA MSA",865640,878727.2,891814.4,904901.6,917988.8,931076,944163.2,957250.4,970337.6,983424.8,996512,1022685.9,1048859.8,1075033.7,1101207.6,1127381.5,1153555.4,1179729.3,1205903.2,1232077.1,1258251,294,298.44,302.88,307.32,311.76,316.2,320.64,325.08,329.52,333.96,338.4,326.69,314.98,303.27,291.56,279.85,268.14,256.43,244.72,233.01,221.3, VA,40060,310M200US40060,40060,"Richmond, VA",,11852387536,327753878,88,2015-03-23 13:36:50.527643+00,M1,Southeast
39900,"Reno, NV",O3,4th Max,4,0.074,0.07,0.07,0.062,0.07,0.07,0.072,0.065,0.072,0.071,0.067,0.071,0.074,0.071,0.069,0.069,0.073,0.071,0.074,0.064,0.068,0.065,0.072,0.067,0.069,0.071,0.07,"Reno, NV MSA",254667,263148.9,271630.8,280112.7,288594.6,297076.5,305558.4,314040.3,322522.2,331004.1,339486,348079.1,356672.2,365265.3,373858.4,382451.5,391044.6,399637.7,408230.8,416823.9,425417,40.2,41.53,42.86,44.19,45.52,46.85,48.18,49.51,50.84,52.17,53.5,54.63,55.76,56.89,58.02,59.15,60.28,61.41,62.54,63.67,64.8, NV,39900,310M200US39900,39900,"Reno, NV",456,17004014251,623065119,625,2015-03-23 13:36:50.527643+00,M1,Far West
39820,"Redding, CA",O3,4th Max,1,0.078,0.066,0.066,0.064,0.078,0.074,0.073,0.067,0.078,0.084,0.074,0.073,0.075,0.07,0.068,0.067,0.074,0.076,0.083,0.064,0.065,0.065,0.071,0.068,0.065,0.066,0.064,"Redding, CA MSA",147036,148658,150280,151902,153524,155146,156768,158390,160012,161634,163256,164652.7,166049.4,167446.1,168842.8,170239.5,171636.2,173032.9,174429.6,175826.3,177223,38.8,39.23,39.66,40.09,40.52,40.95,41.38,41.81,42.24,42.67,43.1,43.48,43.86,44.24,44.62,45,45.38,45.76,46.14,46.52,46.9, CA,39820,310M200US39820,39820,"Redding, CA",454,9778188422,186530228,242,2015-03-23 13:36:50.527643+00,M1,Far West
39580,"Raleigh, NC",O3,4th Max,1,0.093,0.085,0.082,0.095,0.083,0.081,0.082,0.097,0.106,0.108,0.087,0.089,0.1,0.089,0.075,0.082,0.078,0.084,0.078,0.068,0.071,0.074,0.071,0.061,0.063,0.065,0.069,"Raleigh--Durham--Chapel Hill, NC MSA",735480,780726.1,825972.2,871218.3,916464.4,961710.5,1006956.6,1052202.7,1097448.8,1142694.9,1187941,1182195.9,1176450.8,1170705.7,1164960.6,1159215.5,1153470.4,1147725.3,1141980.2,1136235.1,1130490,364.8,362.37,359.94,357.51,355.08,352.65,350.22,347.79,345.36,342.93,340.5,359.82,379.14,398.46,417.78,437.1,456.42,475.74,495.06,514.38,533.7, NC,39580,310M200US39580,39580,"Raleigh, NC",450,5486334833,75209779,493,2015-03-23 13:36:50.527643+00,M1,Southeast
39340,"Provo-Orem, UT",O3,4th Max,1,0.07,0.067,0.071,0.068,0.069,0.068,0.078,0.07,0.083,0.073,0.083,0.067,0.077,0.078,0.069,0.078,0.074,0.075,0.074,0.068,0.07,0.065,0.077,0.077,0.068,0.073,0.072,"Provo--Orem, UT MSA",263590,274084.6,284579.2,295073.8,305568.4,316063,326557.6,337052.2,347546.8,358041.4,368536,384363.4,400190.8,416018.2,431845.6,447673,463500.4,479327.8,495155.2,510982.6,526810,131.9,137.15,142.4,147.65,152.9,158.15,163.4,168.65,173.9,179.15,184.4,175.72,167.04,158.36,149.68,141,132.32,123.64,114.96,106.28,97.6, UT,39340,310M200US39340,39340,"Provo-Orem, UT",482,13974786799,400877098,674,2015-03-23 13:36:50.527643+00,M1,Rocky Mountain
39300,"Providence-Warwick, RI-MA",O3,4th Max,1,0.106,0.124,0.085,0.09,0.091,0.107,0.085,0.098,0.087,0.091,0.087,0.105,0.1,0.082,0.08,0.09,0.079,0.089,0.074,0.069,0.072,0.078,0.072,0.073,0.067,0.07,0.075,"Providence--Fall River--Warwick, RI--MA MSA",1141510,1146220.3,1150930.6,1155640.9,1160351.2,1165061.5,1169771.8,1174482.1,1179192.4,1183902.7,1188613,1229836.9,1271060.8,1312284.7,1353508.6,1394732.5,1435956.4,1477180.3,1518404.2,1559628.1,1600852,1056.3,1054.82,1053.34,1051.86,1050.38,1048.9,1047.42,1045.94,1044.46,1042.98,1041.5,1038.23,1034.96,1031.69,1028.42,1025.15,1021.88,1018.61,1015.34,1012.07,1008.8, RI-MA,39300,310M200US39300,39300,"Providence-Warwick, RI-MA",148,4110353863,1681145152,122,2015-03-23 13:36:50.527643+00,M1,New England
38900,"Portland-Vancouver-Hillsboro, OR-WA",O3,4th Max,3,0.081,0.064,0.074,0.06,0.067,0.065,0.085,0.056,0.072,0.059,0.059,0.063,0.061,0.071,0.06,0.059,0.067,0.058,0.062,0.064,0.056,0.056,0.059,0.053,0.057,0.064,0.057,"Portland--Vancouver, OR--WA PMSA",1477895,1521906.4,1565917.8,1609929.2,1653940.6,1697952,1741963.4,1785974.8,1829986.2,1873997.6,1918009,1948809,1979609,2010409,2041209,2072009,2102809,2133609,2164409,2195209,2226009,338.1,342.44,346.78,351.12,355.46,359.8,364.14,368.48,372.82,377.16,381.5,376.65,371.8,366.95,362.1,357.25,352.4,347.55,342.7,337.85,333, OR-WA,38900,310M200US38900,38900,"Portland-Vancouver-Hillsboro, OR-WA",440,17311263486,356267684,906,2015-03-23 13:36:50.527643+00,M1,Far West
38340,"Pittsfield, MA",O3,4th Max,1,0.092,0.092,0.087,0.083,0.074,0.072,0.081,0.078,0.069,0.075,0.072,0.092,0.086,0.083,0.071,0.087,0.076,0.08,0.072,0.066,0.073,0.067,0.073,0.066,0.063,0.063,0.063,"Pittsfield, MA MSA",79250,79794.9,80339.8,80884.7,81429.6,81974.5,82519.4,83064.3,83609.2,84154.1,84699,89351,94003,98655,103307,107959,112611,117263,121915,126567,131219,346.2,345.22,344.24,343.26,342.28,341.3,340.32,339.34,338.36,337.38,336.4,316.92,297.44,277.96,258.48,239,219.52,200.04,180.56,161.08,141.6, MA,38340,310M200US38340,38340,"Pittsfield, MA",,2400493140,50744639,743,2015-03-23 13:36:50.527643+00,M1,New England
38300,"Pittsburgh, PA",O3,4th Max,5,0.08,0.093,0.074,0.088,0.094,0.095,0.089,0.092,0.1,0.092,0.082,0.087,0.095,0.087,0.072,0.082,0.075,0.077,0.074,0.067,0.075,0.072,0.079,0.067,0.065,0.069,0.068,"Pittsburgh, PA MSA",2056705,2086904,2117103,2147302,2177501,2207700,2237899,2268098,2298297,2328496,2358695,2358454,2358213,2357972,2357731,2357490,2357249,2357008,2356767,2356526,2356285,604.9,595.4,585.9,576.4,566.9,557.4,547.9,538.4,528.9,519.4,509.9,503.52,497.14,490.76,484.38,478,471.62,465.24,458.86,452.48,446.1, PA,38300,310M200US38300,38300,"Pittsburgh, PA",430,13678950959,157932094,302,2015-03-23 13:36:50.527643+00,M1,Mideast
38060,"Phoenix-Mesa-Scottsdale, AZ",O3,4th Max,6,0.08,0.074,0.081,0.08,0.079,0.087,0.084,0.08,0.081,0.082,0.082,0.08,0.082,0.082,0.074,0.077,0.08,0.074,0.076,0.07,0.076,0.077,0.08,0.076,0.075,0.072,0.071,"Phoenix--Mesa, AZ MSA",2122101,2235078.5,2348056,2461033.5,2574011,2686988.5,2799966,2912943.5,3025921,3138898.5,3251876,3345977.1,3440078.2,3534179.3,3628280.4,3722381.5,3816482.6,3910583.7,4004684.8,4098785.9,4192887,230.6,229.85,229.1,228.35,227.6,226.85,226.1,225.35,224.6,223.85,223.1,229.58,236.06,242.54,249.02,255.5,261.98,268.46,274.94,281.42,287.9, AZ,38060,310M200US38060,38060,"Phoenix-Mesa-Scottsdale, AZ",,37723345418,87090580,315,2015-03-23 13:36:50.527643+00,M1,Southwest
37980,"Philadelphia-Camden-Wilmington, PA-NJ-DE-MD",O3,4th Max,8,0.102,0.106,0.092,0.102,0.092,0.109,0.093,0.107,0.098,0.103,0.099,0.099,0.107,0.087,0.082,0.091,0.085,0.09,0.085,0.07,0.083,0.084,0.084,0.069,0.071,0.074,0.075,"Philadelphia--Wilmington--Atlantic City, PA--NJ--DE--MD CMSA",5899345,5928256.8,5957168.6,5986080.4,6014992.2,6043904,6072815.8,6101727.6,6130639.4,6159551.2,6188463,6166151,6143839,6121527,6099215,6076903,6054591,6032279,6009967,5987655,5965343,1103.6,1097.51,1091.42,1085.33,1079.24,1073.15,1067.06,1060.97,1054.88,1048.79,1042.7,1068.05,1093.4,1118.75,1144.1,1169.45,1194.8,1220.15,1245.5,1270.85,1296.2, PA-NJ-DE-MD,37980,310M200US37980,37980,"Philadelphia-Camden-Wilmington, PA-NJ-DE-MD",428,11919736168,693742944,223,2015-03-23 13:36:50.527643+00,M1,Mideast
37900,"Peoria, IL",O3,4th Max,2,0.071,0.079,0.075,0.064,0.076,0.082,0.081,0.072,0.076,0.082,0.072,0.074,0.083,0.072,0.064,0.075,0.069,0.078,0.064,0.061,0.064,0.068,0.072,0.062,0.064,0.062,0.067,"Peoria--Pekin, IL MSA",339172,339993.5,340815,341636.5,342458,343279.5,344101,344922.5,345744,346565.5,347387,350566.9,353746.8,356926.7,360106.6,363286.5,366466.4,369646.3,372826.2,376006.1,379186,188.8,189.26,189.72,190.18,190.64,191.1,191.56,192.02,192.48,192.94,193.4,189.41,185.42,181.43,177.44,173.45,169.46,165.47,161.48,157.49,153.5, IL,37900,310M200US37900,37900,"Peoria, IL",426,6399733193,121934943,240,2015-03-23 13:36:50.527643+00,M1,Great Lakes
37860,"Pensacola-Ferry Pass-Brent, FL",O3,4th Max,2,0.088,0.075,0.087,0.08,0.085,0.083,0.079,0.085,0.095,0.084,0.09,0.079,0.073,0.082,0.081,0.082,0.083,0.081,0.074,0.071,0.073,0.072,0.07,0.065,0.07,0.062,0.062,"Pensacola, FL MSA",344406,351180.7,357955.4,364730.1,371504.8,378279.5,385054.2,391828.9,398603.6,405378.3,412153,415836.8,419520.6,423204.4,426888.2,430572,434255.8,437939.6,441623.4,445307.2,448991,205.1,209.13,213.16,217.19,221.22,225.25,229.28,233.31,237.34,241.37,245.4,247.78,250.16,252.54,254.92,257.3,259.68,262.06,264.44,266.82,269.2, FL,37860,310M200US37860,37860,"Pensacola-Ferry Pass-Brent, FL",,4321099273,984444310,259,2015-03-23 13:36:50.527643+00,M1,Southeast
37620,"Parkersburg-Vienna, WV",O3,4th Max,1,0.083,0.101,0.073,0.083,0.094,0.095,0.088,0.085,0.094,0.095,0.087,0.084,0.095,0.083,0.069,0.084,0.08,0.084,0.071,0.061,0.073,0.065,0.077,0.064,0.067,0.071,0.067,"Parkersburg--Marietta, WV--OH MSA",149169,149375.8,149582.6,149789.4,149996.2,150203,150409.8,150616.6,150823.4,151030.2,151237,152318.9,153400.8,154482.7,155564.6,156646.5,157728.4,158810.3,159892.2,160974.1,162056,148.8,149.01,149.22,149.43,149.64,149.85,150.06,150.27,150.48,150.69,150.9,147.72,144.54,141.36,138.18,135,131.82,128.64,125.46,122.28,119.1, WV,37620,310M200US37620,37620,"Parkersburg-Vienna, WV",425,1550810383,33051014,556,2015-03-23 13:36:50.527643+00,M1,Southeast
36980,"Owensboro, KY",O3,4th Max,2,0.095,0.076,0.076,0.082,0.091,0.092,0.088,0.086,0.091,0.092,0.077,0.075,0.09,0.073,0.069,0.078,0.076,0.084,0.072,0.068,0.073,0.078,0.084,0.065,0.065,0.068,0.068,"Owensboro, KY MSA",87189,87624.6,88060.2,88495.8,88931.4,89367,89802.6,90238.2,90673.8,91109.4,91545,93865.7,96186.4,98507.1,100827.8,103148.5,105469.2,107789.9,110110.6,112431.3,114752,188.5,189.45,190.4,191.35,192.3,193.25,194.2,195.15,196.1,197.05,198,190.97,183.94,176.91,169.88,162.85,155.82,148.79,141.76,134.73,127.7, KY,36980,310M200US36980,36980,"Owensboro, KY",,2327090442,85986249,778,2015-03-23 13:36:50.527643+00,M1,Southeast
36740,"Orlando-Kissimmee-Sanford, FL",O3,4th Max,3,0.081,0.07,0.081,0.081,0.079,0.075,0.074,0.078,0.091,0.081,0.08,0.078,0.076,0.075,0.075,0.083,0.08,0.074,0.069,0.064,0.069,0.075,0.071,0.063,0.062,0.06,0.063,"Orlando, FL MSA",1072748,1129929.3,1187110.6,1244291.9,1301473.2,1358654.5,1415835.8,1473017.1,1530198.4,1587379.7,1644561,1693546,1742531,1791516,1840501,1889486,1938471,1987456,2036441,2085426,2134411,422.7,427.54,432.38,437.22,442.06,446.9,451.74,456.58,461.42,466.26,471.1,485.35,499.6,513.85,528.1,542.35,556.6,570.85,585.1,599.35,613.6, FL,36740,310M200US36740,36740,"Orlando-Kissimmee-Sanford, FL",422,9010971029,1378883738,496,2015-03-23 13:36:50.527643+00,M1,Southeast
36540,"Omaha-Council Bluffs, NE-IA",O3,4th Max,2,0.053,0.061,0.061,0.048,0.059,0.066,0.058,0.058,0.062,0.074,0.061,0.054,0.062,0.062,0.069,0.07,0.07,0.064,0.058,0.058,0.061,0.058,0.072,0.06,0.06,0.058,0.062,"Omaha, NE--IA MSA",618262,628135.6,638009.2,647882.8,657756.4,667630,677503.6,687377.2,697250.8,707124.4,716998,731833.2,746668.4,761503.6,776338.8,791174,806009.2,820844.4,835679.6,850514.8,865350,322.6,319.3,316,312.7,309.4,306.1,302.8,299.5,296.2,292.9,289.6,280.53,271.46,262.39,253.32,244.25,235.18,226.11,217.04,207.97,198.9, NE-IA,36540,310M200US36540,36540,"Omaha-Council Bluffs, NE-IA",420,11265537355,149046392,500,2015-03-23 13:36:50.527643+00,M1,Plains
36420,"Oklahoma City, OK",O3,4th Max,3,0.078,0.08,0.074,0.072,0.081,0.086,0.079,0.081,0.09,0.08,0.082,0.08,0.078,0.079,0.074,0.077,0.083,0.074,0.072,0.073,0.071,0.082,0.08,0.071,0.068,0.067,0.066,"Oklahoma City, OK MSA",958839,971289.7,983740.4,996191.1,1008641.8,1021092.5,1033543.2,1045993.9,1058444.6,1070895.3,1083346,1100310.1,1117274.2,1134238.3,1151202.4,1168166.5,1185130.6,1202094.7,1219058.8,1236022.9,1252987,225.7,228.64,231.58,234.52,237.46,240.4,243.34,246.28,249.22,252.16,255.1,252.32,249.54,246.76,243.98,241.2,238.42,235.64,232.86,230.08,227.3, OK,36420,310M200US36420,36420,"Oklahoma City, OK",416,14274998021,181581533,829,2015-03-23 13:36:50.527643+00,M1,Southwest
35620,"New York-Newark-Jersey City, NY-NJ-PA",O3,4th Max,10,0.101,0.106,0.091,0.098,0.092,0.106,0.09,0.102,0.093,0.102,0.09,0.094,0.103,0.089,0.08,0.091,0.087,0.086,0.081,0.072,0.081,0.081,0.079,0.071,0.069,0.075,0.073,"New York--Northern New Jersey--Long Island, NY--NJ--CT--PA CMSA",18087251,18398512.4,18709773.8,19021035.2,19332296.6,19643558,19954819.4,20266080.8,20577342.2,20888603.6,21199865,20969589.4,20739313.8,20509038.2,20278762.6,20048487,19818211.4,19587935.8,19357660.2,19127384.6,18897109,2320.1,2290.96,2261.82,2232.68,2203.54,2174.4,2145.26,2116.12,2086.98,2057.84,2028.7,2108.43,2188.16,2267.89,2347.62,2427.35,2507.08,2586.81,2666.54,2746.27,2826, NY-NJ-PA,35620,310M200US35620,35620,"New York-Newark-Jersey City, NY-NJ-PA",408,21482019662,6685764276,78,2015-03-23 13:36:50.527643+00,M1,Mideast
35380,"New Orleans-Metairie, LA",O3,4th Max,5,0.079,0.072,0.075,0.077,0.081,0.085,0.078,0.078,0.084,0.086,0.09,0.077,0.071,0.082,0.075,0.076,0.078,0.078,0.07,0.072,0.074,0.073,0.07,0.064,0.068,0.067,0.066,"New Orleans, LA MSA",1238816,1248707,1258598,1268489,1278380,1288271,1298162,1308053,1317944,1327835,1337726,1320729.8,1303733.6,1286737.4,1269741.2,1252745,1235748.8,1218752.6,1201756.4,1184760.2,1167764,536.6,522.29,507.98,493.67,479.36,465.05,450.74,436.43,422.12,407.81,393.5,393.6,393.7,393.8,393.9,394,394.1,394.2,394.3,394.4,394.5, LA,35380,310M200US35380,35380,"New Orleans-Metairie, LA",406,8292741759,12102014453,114,2015-03-23 13:36:50.527643+00,M1,Southeast
34980,"Nashville-Davidson--Murfreesboro--Franklin, TN",O3,4th Max,4,0.089,0.081,0.075,0.078,0.085,0.092,0.09,0.091,0.093,0.095,0.084,0.079,0.082,0.076,0.072,0.078,0.08,0.081,0.073,0.064,0.073,0.071,0.079,0.065,0.067,0.065,0.068,"Nashville, TN MSA",985026,1009654.5,1034283,1058911.5,1083540,1108168.5,1132797,1157425.5,1182054,1206682.5,1231311,1267173.3,1303035.6,1338897.9,1374760.2,1410622.5,1446484.8,1482347.1,1518209.4,1554071.7,1589934,241.8,247.85,253.9,259.95,266,272.05,278.1,284.15,290.2,296.25,302.3,300.02,297.74,295.46,293.18,290.9,288.62,286.34,284.06,281.78,279.5, TN,34980,310M200US34980,34980,"Nashville-Davidson--Murfreesboro--Franklin, TN",400,16321412291,197971309,498,2015-03-23 13:36:50.527643+00,M1,Southeast
33860,"Montgomery, AL",O3,4th Max,1,0.078,0.066,0.076,0.085,0.078,0.087,0.076,0.07,0.091,0.077,0.084,0.077,0.08,0.071,0.072,0.069,0.072,0.074,0.068,0.061,0.073,0.068,0.065,0.061,0.06,0.061,0.061,"Montgomery, AL MSA",292517,296570.8,300624.6,304678.4,308732.2,312786,316839.8,320893.6,324947.4,329001.2,333055,337203.1,341351.2,345499.3,349647.4,353795.5,357943.6,362091.7,366239.8,370387.9,374536,145.7,147.72,149.74,151.76,153.78,155.8,157.82,159.84,161.86,163.88,165.9,163.11,160.32,157.53,154.74,151.95,149.16,146.37,143.58,140.79,138, AL,33860,310M200US33860,33860,"Montgomery, AL",,7026957028,189816132,740,2015-03-23 13:36:50.527643+00,M1,Southeast
33700,"Modesto, CA",O3,4th Max,2,0.096,0.091,0.089,0.093,0.09,0.099,0.096,0.086,0.103,0.089,0.089,0.093,0.095,0.088,0.084,0.084,0.091,0.076,0.098,0.083,0.08,0.081,0.085,0.078,0.081,0.084,0.083,"Modesto, CA MSA",370522,378169.5,385817,393464.5,401112,408759.5,416407,424054.5,431702,439349.5,446997,453742.6,460488.2,467233.8,473979.4,480725,487470.6,494216.2,500961.8,507707.4,514453,247.9,253.03,258.16,263.29,268.42,273.55,278.68,283.81,288.94,294.07,299.2,303.7,308.2,312.7,317.2,321.7,326.2,330.7,335.2,339.7,344.2, CA,33700,310M200US33700,33700,"Modesto, CA",382,3870792977,51176485,676,2015-03-23 13:36:50.527643+00,M1,Far West
33660,"Mobile, AL",O3,4th Max,1,0.087,0.061,0.076,0.074,0.072,0.079,0.081,0.081,0.098,0.085,0.089,0.076,0.075,0.08,0.074,0.073,0.085,0.077,0.076,0.067,0.074,0.07,0.069,0.06,0.068,0.06,0.062,"Mobile, AL MSA",476923,483256.5,489590,495923.5,502257,508590.5,514924,521257.5,527591,533924.5,540258,527531.4,514804.8,502078.2,489351.6,476625,463898.4,451171.8,438445.2,425718.6,412992,168.5,170.74,172.98,175.22,177.46,179.7,181.94,184.18,186.42,188.66,190.9,205.4,219.9,234.4,248.9,263.4,277.9,292.4,306.9,321.4,335.9, AL,33660,310M200US33660,33660,"Mobile, AL",380,3184117214,1073855913,533,2015-03-23 13:36:50.527643+00,M1,Southeast
33460,"Minneapolis-St. Paul-Bloomington, MN-WI",O3,4th Max,2,0.068,0.071,0.075,0.058,0.071,0.084,0.071,0.075,0.071,0.074,0.065,0.075,0.074,0.071,0.063,0.074,0.069,0.071,0.058,0.062,0.066,0.064,0.073,0.066,0.063,0.061,0.061,"Minneapolis--St. Paul, MN--WI MSA",2464124,2514592.2,2565060.4,2615528.6,2665996.8,2716465,2766933.2,2817401.4,2867869.6,2918337.8,2968806,2999908.7,3031011.4,3062114.1,3093216.8,3124319.5,3155422.2,3186524.9,3217627.6,3248730.3,3279833,487.8,487.99,488.18,488.37,488.56,488.75,488.94,489.13,489.32,489.51,489.7,495.15,500.6,506.05,511.5,516.95,522.4,527.85,533.3,538.75,544.2, MN-WI,33460,310M200US33460,33460,"Minneapolis-St. Paul-Bloomington, MN-WI",378,19780993169,1248900916,486,2015-03-23 13:36:50.527643+00,M1,Plains
33340,"Milwaukee-Waukesha-West Allis, WI",O3,4th Max,2,0.095,0.104,0.08,0.08,0.091,0.106,0.089,0.084,0.093,0.093,0.082,0.094,0.096,0.092,0.073,0.092,0.072,0.083,0.067,0.07,0.079,0.074,0.092,0.069,0.072,0.069,0.074,"Milwaukee--Waukesha, WI PMSA",1432149,1439008.2,1445867.4,1452726.6,1459585.8,1466445,1473304.2,1480163.4,1487022.6,1493881.8,1500741,1506257.7,1511774.4,1517291.1,1522807.8,1528324.5,1533841.2,1539357.9,1544874.6,1550391.3,1555908,980.9,985.61,990.32,995.03,999.74,1004.45,1009.16,1013.87,1018.58,1023.29,1028,1032.15,1036.3,1040.45,1044.6,1048.75,1052.9,1057.05,1061.2,1065.35,1069.5, WI,33340,310M200US33340,33340,"Milwaukee-Waukesha-West Allis, WI",376,3768127484,4835953704,890,2015-03-23 13:36:50.527643+00,M1,Great Lakes
33100,"Miami-Fort Lauderdale-West Palm Beach, FL",O3,4th Max,4,0.068,0.065,0.078,0.08,0.073,0.072,0.069,0.073,0.08,0.075,0.075,0.071,0.064,0.065,0.062,0.065,0.075,0.067,0.068,0.062,0.064,0.06,0.062,0.061,0.062,0.061,0.061,"Miami--Fort Lauderdale, FL CMSA",3192582,3260961.8,3329341.6,3397721.4,3466101.2,3534481,3602860.8,3671240.6,3739620.4,3808000.2,3876380,4045205.5,4214031,4382856.5,4551682,4720507.5,4889333,5058158.5,5226984,5395809.5,5564635,996.1,1019.49,1042.88,1066.27,1089.66,1113.05,1136.44,1159.83,1183.22,1206.61,1230,1216.6,1203.2,1189.8,1176.4,1163,1149.6,1136.2,1122.8,1109.4,1096, FL,33100,310M200US33100,33100,"Miami-Fort Lauderdale-West Palm Beach, FL",370,13143031301,2751866387,338,2015-03-23 13:36:50.527643+00,M1,Southeast
32900,"Merced, CA",O3,4th Max,1,0.102,0.102,0.102,0.096,0.097,0.107,0.102,0.074,0.112,0.105,0.103,0.096,0.105,0.107,0.096,0.083,0.087,0.087,0.105,0.08,0.09,0.082,0.079,0.083,0.082,0.083,0.082,"Merced, CA MSA",178403,181618.1,184833.2,188048.3,191263.4,194478.5,197693.6,200908.7,204123.8,207338.9,210554,215077.9,219601.8,224125.7,228649.6,233173.5,237697.4,242221.3,246745.2,251269.1,255793,92.5,94.17,95.84,97.51,99.18,100.85,102.52,104.19,105.86,107.53,109.2,111.5,113.8,116.1,118.4,120.7,123,125.3,127.6,129.9,132.2, CA,32900,310M200US32900,32900,"Merced, CA",382,5011530566,112781256,812,2015-03-23 13:36:50.527643+00,M1,Far West
32820,"Memphis, TN-MS-AR",O3,4th Max,4,0.088,0.085,0.08,0.084,0.085,0.095,0.094,0.087,0.092,0.097,0.092,0.085,0.091,0.083,0.077,0.086,0.086,0.082,0.077,0.07,0.076,0.078,0.08,0.066,0.067,0.065,0.069,"Memphis, TN--AR--MS MSA",981747,997133.7,1012520.4,1027907.1,1043293.8,1058680.5,1074067.2,1089453.9,1104840.6,1120227.3,1135614,1153662.6,1171711.2,1189759.8,1207808.4,1225857,1243905.6,1261954.2,1280002.8,1298051.4,1316100,426.3,421.44,416.58,411.72,406.86,402,397.14,392.28,387.42,382.56,377.7,368.68,359.66,350.64,341.62,332.6,323.58,314.56,305.54,296.52,287.5, TN-MS-AR,32820,310M200US32820,32820,"Memphis, TN-MS-AR",368,12910305703,319453957,226,2015-03-23 13:36:50.527643+00,M1,Southeast
32780,"Medford, OR",O3,4th Max,1,0.081,0.081,0.081,0.066,0.068,0.071,0.075,0.063,0.085,0.065,0.067,0.064,0.078,0.072,0.069,0.068,0.068,0.066,0.07,0.065,0.061,0.057,0.066,0.067,0.059,0.069,0.049,"Medford--Ashland, OR MSA",146389,149877,153365,156853,160341,163829,167317,170805,174293,177781,181269,183462.7,185656.4,187850.1,190043.8,192237.5,194431.2,196624.9,198818.6,201012.3,203206,52.6,53.85,55.1,56.35,57.6,58.85,60.1,61.35,62.6,63.85,65.1,65.89,66.68,67.47,68.26,69.05,69.84,70.63,71.42,72.21,73, OR,32780,310M200US32780,32780,"Medford, OR",366,7209363743,46869794,501,2015-03-23 13:36:50.527643+00,M1,Far West
31540,"Madison, WI",O3,4th Max,2,0.077,0.082,0.079,0.062,0.07,0.084,0.082,0.076,0.076,0.086,0.072,0.078,0.081,0.078,0.065,0.079,0.066,0.079,0.064,0.063,0.062,0.068,0.074,0.067,0.068,0.064,0.068,"Madison, WI MSA",367085,373029.1,378973.2,384917.3,390861.4,396805.5,402749.6,408693.7,414637.8,420581.9,426526,440732.7,454939.4,469146.1,483352.8,497559.5,511766.2,525972.9,540179.6,554386.3,568593,305.4,310.35,315.3,320.25,325.2,330.15,335.1,340.05,345,349.95,354.9,340.27,325.64,311.01,296.38,281.75,267.12,252.49,237.86,223.23,208.6, WI,31540,310M200US31540,31540,"Madison, WI",357,8571060358,200235637,608,2015-03-23 13:36:50.527643+00,M1,Great Lakes
31140,"Louisville/Jefferson County, KY-IN",O3,4th Max,3,0.075,0.08,0.068,0.088,0.089,0.087,0.087,0.087,0.098,0.098,0.088,0.083,0.089,0.075,0.071,0.083,0.076,0.083,0.073,0.067,0.076,0.081,0.086,0.064,0.066,0.07,0.07,"Louisville, KY--IN MSA",952662,959955.6,967249.2,974542.8,981836.4,989130,996423.6,1003717.2,1011010.8,1018304.4,1025598,1051394.8,1077191.6,1102988.4,1128785.2,1154582,1180378.8,1206175.6,1231972.4,1257769.2,1283566,420.4,427.86,435.32,442.78,450.24,457.7,465.16,472.62,480.08,487.54,495,476.72,458.44,440.16,421.88,403.6,385.32,367.04,348.76,330.48,312.2, KY-IN,31140,310M200US31140,31140,"Louisville/Jefferson County, KY-IN",350,9267931333,160471376,843,2015-03-23 13:36:50.527643+00,M1,Great Lakes
30980,"Longview, TX",O3,4th Max,1,0.088,0.081,0.08,0.093,0.081,0.102,0.082,0.091,0.104,0.105,0.099,0.082,0.084,0.082,0.083,0.088,0.084,0.081,0.071,0.073,0.078,0.082,0.078,0.071,0.066,0.068,0.065,"Longview--Marshall, TX MSA",162431,167065.9,171700.8,176335.7,180970.6,185605.5,190240.4,194875.3,199510.2,204145.1,208780,209338.9,209897.8,210456.7,211015.6,211574.5,212133.4,212692.3,213251.2,213810.1,214369,138.5,136.51,134.52,132.53,130.54,128.55,126.56,124.57,122.58,120.59,118.6,118.78,118.96,119.14,119.32,119.5,119.68,119.86,120.04,120.22,120.4, TX,30980,310M200US30980,30980,"Longview, TX",346,4610936690,68572646,519,2015-03-23 13:36:50.527643+00,M1,Southwest
30780,"Little Rock-North Little Rock-Conway, AR",O3,4th Max,2,0.08,0.078,0.076,0.076,0.076,0.086,0.078,0.077,0.078,0.083,0.09,0.079,0.085,0.075,0.073,0.083,0.083,0.081,0.068,0.072,0.072,0.078,0.078,0.067,0.066,0.063,0.064,"Little Rock--North Little Rock, AR MSA",513117,520189.8,527262.6,534335.4,541408.2,548481,555553.8,562626.6,569699.4,576772.2,583845,595436.2,607027.4,618618.6,630209.8,641801,653392.2,664983.4,676574.6,688165.8,699757,176.4,178.84,181.28,183.72,186.16,188.6,191.04,193.48,195.92,198.36,200.8,197.85,194.9,191.95,189,186.05,183.1,180.15,177.2,174.25,171.3, AR,30780,310M200US30780,30780,"Little Rock-North Little Rock-Conway, AR",340,10581573655,292561487,87,2015-03-23 13:36:50.527643+00,M1,Southeast
30700,"Lincoln, NE",O3,4th Max,1,0.057,0.06,0.067,0.049,0.062,0.06,0.054,0.054,0.058,0.053,0.057,0.051,0.054,0.06,0.056,0.056,0.056,0.054,0.051,0.053,0.05,0.053,0.058,0.055,0.061,0.061,0.058,"Lincoln, NE MSA",213641,217306,220971,224636,228301,231966,235631,239296,242961,246626,250291,255477.6,260664.2,265850.8,271037.4,276224,281410.6,286597.2,291783.8,296970.4,302157,254.7,259.07,263.44,267.81,272.18,276.55,280.92,285.29,289.66,294.03,298.4,290.01,281.62,273.23,264.84,256.45,248.06,239.67,231.28,222.89,214.5, NE,30700,310M200US30700,30700,"Lincoln, NE",339,3649226777,34428845,74,2015-03-23 13:36:50.527643+00,M1,Plains
30460,"Lexington-Fayette, KY",O3,4th Max,2,0.078,0.075,0.067,0.081,0.086,0.088,0.081,0.081,0.089,0.087,0.077,0.077,0.083,0.071,0.064,0.078,0.07,0.079,0.07,0.064,0.07,0.074,0.078,0.061,0.065,0.069,0.066,"Lexington, KY MSA",348428,361505,374582,387659,400736,413813,426890,439967,453044,466121,479198,478488.1,477778.2,477068.3,476358.4,475648.5,474938.6,474228.7,473518.8,472808.9,472099,235.5,236.92,238.34,239.76,241.18,242.6,244.02,245.44,246.86,248.28,249.7,256.88,264.06,271.24,278.42,285.6,292.78,299.96,307.14,314.32,321.5, KY,30460,310M200US30460,30460,"Lexington-Fayette, KY",336,3803508628,40727048,260,2015-03-23 13:36:50.527643+00,M1,Southeast
29820,"Las Vegas-Henderson-Paradise, NV",O3,4th Max,1,0.079,0.073,0.077,0.076,0.078,0.075,0.082,0.073,0.078,0.078,0.077,0.071,0.077,0.078,0.077,0.079,0.078,0.076,0.071,0.07,0.068,0.073,0.074,0.071,0.068,0.068,0.068,"Las Vegas, NV--AZ MSA",741459,823641.3,905823.6,988005.9,1070188.2,1152370.5,1234552.8,1316735.1,1398917.4,1481099.7,1563282,1602080.7,1640879.4,1679678.1,1718476.8,1757275.5,1796074.2,1834872.9,1873671.6,1912470.3,1951269,93.7,88.3,82.9,77.5,72.1,66.7,61.3,55.9,50.5,45.1,39.7,60.46,81.22,101.98,122.74,143.5,164.26,185.02,205.78,226.54,247.3, NV,29820,310M200US29820,29820,"Las Vegas-Henderson-Paradise, NV",332,20437567383,440056829,748,2015-03-23 13:36:50.527643+00,M1,Far West
29740,"Las Cruces, NM",O3,4th Max,2,0.074,0.074,0.075,0.078,0.079,0.08,0.079,0.071,0.076,0.078,0.077,0.073,0.077,0.078,0.07,0.07,0.073,0.069,0.068,0.063,0.063,0.065,0.074,0.063,0.066,0.069,0.065,"Las Cruces, NM MSA",135510,139427.2,143344.4,147261.6,151178.8,155096,159013.2,162930.4,166847.6,170764.8,174682,178137.1,181592.2,185047.3,188502.4,191957.5,195412.6,198867.7,202322.8,205777.9,209233,35.6,36.63,37.66,38.69,39.72,40.75,41.78,42.81,43.84,44.87,45.9,46.81,47.72,48.63,49.54,50.45,51.36,52.27,53.18,54.09,55, NM,29740,310M200US29740,29740,"Las Cruces, NM",238,9862372174,17591659,559,2015-03-23 13:36:50.527643+00,M1,Southwest
29620,"Lansing-East Lansing, MI",O3,4th Max,2,0.08,0.083,0.08,0.079,0.079,0.082,0.077,0.077,0.08,0.088,0.076,0.085,0.087,0.086,0.069,0.08,0.071,0.081,0.069,0.067,0.065,0.07,0.08,0.065,0.066,0.064,0.073,"Lansing--East Lansing, MI MSA",432674,434179.4,435684.8,437190.2,438695.6,440201,441706.4,443211.8,444717.2,446222.6,447728,449358.8,450989.6,452620.4,454251.2,455882,457512.8,459143.6,460774.4,462405.2,464036,253.4,254.29,255.18,256.07,256.96,257.85,258.74,259.63,260.52,261.41,262.3,263.4,264.5,265.6,266.7,267.8,268.9,270,271.1,272.2,273.3, MI,29620,310M200US29620,29620,"Lansing-East Lansing, MI",330,4397041657,44017344,858,2015-03-23 13:36:50.527643+00,M1,Great Lakes
29540,"Lancaster, PA",O3,4th Max,1,0.087,0.099,0.086,0.095,0.093,0.102,0.085,0.102,0.101,0.102,0.09,0.097,0.097,0.083,0.081,0.085,0.085,0.083,0.08,0.069,0.082,0.078,0.081,0.066,0.066,0.07,0.071,"Lancaster, PA MSA",422822,427605.6,432389.2,437172.8,441956.4,446740,451523.6,456307.2,461090.8,465874.4,470658,475536.7,480415.4,485294.1,490172.8,495051.5,499930.2,504808.9,509687.6,514566.3,519445,445.5,450.54,455.58,460.62,465.66,470.7,475.74,480.78,485.82,490.86,495.9,501.35,506.8,512.25,517.7,523.15,528.6,534.05,539.5,544.95,550.4, PA,29540,310M200US29540,29540,"Lancaster, PA",,2444466839,103571319,455,2015-03-23 13:36:50.527643+00,M1,Mideast
29460,"Lakeland-Winter Haven, FL",O3,4th Max,1,0.066,0.066,0.066,0.08,0.071,0.071,0.068,0.079,0.088,0.078,0.079,0.081,0.072,0.074,0.069,0.074,0.076,0.077,0.069,0.065,0.064,0.069,0.071,0.064,0.063,0.062,0.064,"Lakeland--Winter Haven, FL MSA",405382,413236.2,421090.4,428944.6,436798.8,444653,452507.2,460361.4,468215.6,476069.8,483924,495741.1,507558.2,519375.3,531192.4,543009.5,554826.6,566643.7,578460.8,590277.9,602095,216.2,220.4,224.6,228.8,233,237.2,241.4,245.6,249.8,254,258.2,265.87,273.54,281.21,288.88,296.55,304.22,311.89,319.56,327.23,334.9, FL,29460,310M200US29460,29460,"Lakeland-Winter Haven, FL",,4656150384,550911349,624,2015-03-23 13:36:50.527643+00,M1,Southeast
29340,"Lake Charles, LA",O3,4th Max,1,0.085,0.087,0.073,0.077,0.075,0.084,0.077,0.085,0.09,0.073,0.082,0.078,0.074,0.084,0.082,0.085,0.08,0.078,0.069,0.077,0.078,0.072,0.072,0.065,0.067,0.072,0.065,"Lake Charles, LA MSA",168134,169678.3,171222.6,172766.9,174311.2,175855.5,177399.8,178944.1,180488.4,182032.7,183577,185180,186783,188386,189989,191592,193195,194798,196401,198004,199607,157,158.44,159.88,161.32,162.76,164.2,165.64,167.08,168.52,169.96,171.4,162.76,154.12,145.48,136.84,128.2,119.56,110.92,102.28,93.64,85, LA,29340,310M200US29340,29340,"Lake Charles, LA",,6082764661,1767344418,928,2015-03-23 13:36:50.527643+00,M1,Southeast
28940,"Knoxville, TN",O3,4th Max,4,0.093,0.083,0.083,0.091,0.088,0.094,0.091,0.093,0.104,0.099,0.096,0.087,0.099,0.086,0.075,0.084,0.082,0.087,0.08,0.067,0.075,0.075,0.075,0.061,0.062,0.066,0.068,"Knoxville, TN MSA",604816,613059.3,621302.6,629545.9,637789.2,646032.5,654275.8,662519.1,670762.4,679005.7,687249,688327.1,689405.2,690483.3,691561.4,692639.5,693717.6,694795.7,695873.8,696951.9,698030,218,224.26,230.52,236.78,243.04,249.3,255.56,261.82,268.08,274.34,280.6,290.13,299.66,309.19,318.72,328.25,337.78,347.31,356.84,366.37,375.9, TN,28940,310M200US28940,28940,"Knoxville, TN",314,9066318158,386471542,201,2015-03-23 13:36:50.527643+00,M1,Southeast
28140,"Kansas City, MO-KS",O3,4th Max,2,0.075,0.088,0.079,0.08,0.09,0.098,0.085,0.097,0.093,0.083,0.088,0.076,0.085,0.088,0.069,0.084,0.092,0.077,0.07,0.073,0.072,0.08,0.085,0.067,0.066,0.063,0.066,"Kansas City, MO--KS MSA",1566280,1587258.2,1608236.4,1629214.6,1650192.8,1671171,1692149.2,1713127.4,1734105.6,1755083.8,1776062,1801989.2,1827916.4,1853843.6,1879770.8,1905698,1931625.2,1957552.4,1983479.6,2009406.8,2035334,314,315.45,316.9,318.35,319.8,321.25,322.7,324.15,325.6,327.05,328.5,321.65,314.8,307.95,301.1,294.25,287.4,280.55,273.7,266.85,260, MO-KS,28140,310M200US28140,28140,"Kansas City, MO-KS",312,18791501348,305263033,876,2015-03-23 13:36:50.527643+00,M1,Plains
27780,"Johnstown, PA",O3,4th Max,1,0.08,0.096,0.074,0.083,0.083,0.09,0.083,0.092,0.098,0.09,0.086,0.09,0.088,0.083,0.071,0.077,0.073,0.072,0.067,0.064,0.072,0.072,0.073,0.065,0.06,0.065,0.064,"Johnstown, PA MSA",241247,240384.4,239521.8,238659.2,237796.6,236934,236071.4,235208.8,234346.2,233483.6,232621,223726.8,214832.6,205938.4,197044.2,188150,179255.8,170361.6,161467.4,152573.2,143679,136.9,136.41,135.92,135.43,134.94,134.45,133.96,133.47,132.98,132.49,132,139.67,147.34,155.01,162.68,170.35,178.02,185.69,193.36,201.03,208.7, PA,27780,310M200US27780,27780,"Johnstown, PA",306,1782822988,13677426,128,2015-03-23 13:36:50.527643+00,M1,Mideast
27260,"Jacksonville, FL",O3,4th Max,1,0.08,0.069,0.075,0.08,0.069,0.068,0.073,0.073,0.084,0.08,0.072,0.072,0.066,0.067,0.078,0.076,0.079,0.076,0.071,0.065,0.068,0.067,0.059,0.055,0.062,0.06,0.057,"Jacksonville, FL MSA",906727,926103.4,945479.8,964856.2,984232.6,1003609,1022985.4,1042361.8,1061738.2,1081114.6,1100491,1125001.5,1149512,1174022.5,1198533,1223043.5,1247554,1272064.5,1296575,1321085.5,1345596,344,351.36,358.72,366.08,373.44,380.8,388.16,395.52,402.88,410.24,417.6,417.88,418.16,418.44,418.72,419,419.28,419.56,419.84,420.12,420.4, FL,27260,310M200US27260,27260,"Jacksonville, FL",300,8292660296,1286217770,106,2015-03-23 13:36:50.527643+00,M1,Southeast
27140,"Jackson, MS",O3,4th Max,1,0.079,0.069,0.067,0.07,0.068,0.075,0.076,0.079,0.082,0.082,0.08,0.078,0.072,0.069,0.068,0.072,0.078,0.071,0.068,0.061,0.067,0.073,0.066,0.059,0.06,0.06,0.06,"Jackson, MS MSA",395396,399936.5,404477,409017.5,413558,418098.5,422639,427179.5,431720,436260.5,440801,450626.6,460452.2,470277.8,480103.4,489929,499754.6,509580.2,519405.8,529231.4,539057,167.3,169.24,171.18,173.12,175.06,177,178.94,180.88,182.82,184.76,186.7,182.5,178.3,174.1,169.9,165.7,161.5,157.3,153.1,148.9,144.7, MS,27140,310M200US27140,27140,"Jackson, MS",298,12041172381,207807726,754,2015-03-23 13:36:50.527643+00,M1,Southeast
26900,"Indianapolis-Carmel-Anderson, IN",O3,4th Max,4,0.086,0.087,0.083,0.083,0.093,0.095,0.096,0.087,0.092,0.095,0.082,0.085,0.102,0.085,0.071,0.08,0.075,0.08,0.071,0.068,0.069,0.072,0.074,0.062,0.063,0.064,0.068,"Indianapolis, IN MSA",1249822,1285588.4,1321354.8,1357121.2,1392887.6,1428654,1464420.4,1500186.8,1535953.2,1571719.6,1607486,1622361.5,1637237,1652112.5,1666988,1681863.5,1696739,1711614.5,1726490,1741365.5,1756241,407,411.93,416.86,421.79,426.72,431.65,436.58,441.51,446.44,451.37,456.3,456.23,456.16,456.09,456.02,455.95,455.88,455.81,455.74,455.67,455.6, IN,26900,310M200US26900,26900,"Indianapolis-Carmel-Anderson, IN",294,11153650409,88716367,203,2015-03-23 13:36:50.527643+00,M1,Great Lakes
26620,"Huntsville, AL",O3,4th Max,1,0.079,0.082,0.087,0.087,0.075,0.08,0.081,0.086,0.092,0.093,0.088,0.08,0.078,0.079,0.077,0.075,0.079,0.082,0.073,0.066,0.071,0.072,0.076,0.064,0.064,0.063,0.066,"Huntsville, AL MSA",238912,249258.4,259604.8,269951.2,280297.6,290644,300990.4,311336.8,321683.2,332029.6,342376,349897.7,357419.4,364941.1,372462.8,379984.5,387506.2,395027.9,402549.6,410071.3,417593,296.8,292.06,287.32,282.58,277.84,273.1,268.36,263.62,258.88,254.14,249.4,255.13,260.86,266.59,272.32,278.05,283.78,289.51,295.24,300.97,306.7, AL,26620,310M200US26620,26620,"Huntsville, AL",290,3526348837,151145239,923,2015-03-23 13:36:50.527643+00,M1,Southeast
26580,"Huntington-Ashland, WV-KY-OH",O3,4th Max,2,0.091,0.089,0.076,0.093,0.096,0.089,0.082,0.082,0.102,0.096,0.079,0.088,0.091,0.079,0.07,0.08,0.079,0.084,0.072,0.062,0.07,0.073,0.076,0.06,0.062,0.066,0.064,"Huntington--Ashland, WV--KY--OH MSA",312529,312829.9,313130.8,313431.7,313732.6,314033.5,314334.4,314635.3,314936.2,315237.1,315538,312754.4,309970.8,307187.2,304403.6,301620,298836.4,296052.8,293269.2,290485.6,287702,144.7,144.84,144.98,145.12,145.26,145.4,145.54,145.68,145.82,145.96,146.1,147.98,149.86,151.74,153.62,155.5,157.38,159.26,161.14,163.02,164.9, WV-KY-OH,26580,310M200US26580,26580,"Huntington-Ashland, WV-KY-OH",170,6546096954,91685240,77,2015-03-23 13:36:50.527643+00,M1,Great Lakes
26420,"Houston-The Woodlands-Sugar Land, TX",O3,4th Max,7,0.119,0.099,0.103,0.095,0.098,0.114,0.101,0.108,0.111,0.104,0.102,0.094,0.09,0.095,0.091,0.087,0.086,0.078,0.074,0.078,0.079,0.081,0.08,0.075,0.064,0.083,0.066,"Houston, TX PMSA",3301937,3389507.9,3477078.8,3564649.7,3652220.6,3739791.5,3827362.4,3914933.3,4002504.2,4090075.1,4177646,4354561.4,4531476.8,4708392.2,4885307.6,5062223,5239138.4,5416053.8,5592969.2,5769884.6,5946800,620.5,629.02,637.54,646.06,654.58,663.1,671.62,680.14,688.66,697.18,705.7,702.5,699.3,696.1,692.9,689.7,686.5,683.3,680.1,676.9,673.7, TX,26420,310M200US26420,26420,"Houston-The Woodlands-Sugar Land, TX",288,21392758607,3066653342,231,2015-03-23 13:36:50.527643+00,M1,Southwest
25860,"Hickory-Lenoir-Morganton, NC",O3,4th Max,1,0.075,0.075,0.076,0.076,0.078,0.079,0.079,0.079,0.098,0.094,0.085,0.082,0.092,0.079,0.07,0.075,0.076,0.077,0.072,0.064,0.071,0.066,0.064,0.062,0.061,0.065,0.066,"Hickory--Morganton--Lenoir, NC MSA",221700,233715.1,245730.2,257745.3,269760.4,281775.5,293790.6,305805.7,317820.8,329835.9,341851,344215.6,346580.2,348944.8,351309.4,353674,356038.6,358403.2,360767.8,363132.4,365497,190,191.86,193.72,195.58,197.44,199.3,201.16,203.02,204.88,206.74,208.6,210.06,211.52,212.98,214.44,215.9,217.36,218.82,220.28,221.74,223.2, NC,25860,310M200US25860,25860,"Hickory-Lenoir-Morganton, NC",280,4240784144,75213961,497,2015-03-23 13:36:50.527643+00,M1,Southeast
25540,"Hartford-West Hartford-East Hartford, CT",O3,4th Max,3,0.103,0.108,0.093,0.1,0.099,0.097,0.082,0.099,0.09,0.097,0.082,0.099,0.104,0.083,0.08,0.094,0.088,0.092,0.082,0.07,0.079,0.073,0.08,0.08,0.078,0.075,0.076,"Hartford, CT MSA",767841,809367.9,850894.8,892421.7,933948.6,975475.5,1017002.4,1058529.3,1100056.2,1141583.1,1183110,1186037.1,1188964.2,1191891.3,1194818.4,1197745.5,1200672.6,1203599.7,1206526.8,1209453.9,1212381,714.8,713.86,712.92,711.98,711.04,710.1,709.16,708.22,707.28,706.34,705.4,714.91,724.42,733.93,743.44,752.95,762.46,771.97,781.48,790.99,800.5, CT,25540,310M200US25540,25540,"Hartford-West Hartford-East Hartford, CT",278,3922858928,238539987,478,2015-03-23 13:36:50.527643+00,M1,New England
25420,"Harrisburg-Carlisle, PA",O3,4th Max,3,0.091,0.096,0.077,0.094,0.089,0.086,0.08,0.089,0.092,0.096,0.08,0.089,0.093,0.079,0.072,0.084,0.078,0.078,0.079,0.064,0.075,0.071,0.072,0.066,0.063,0.066,0.067,"Harrisburg--Lebanon--Carlisle, PA MSA",587986,592127.5,596269,600410.5,604552,608693.5,612835,616976.5,621118,625259.5,629401,621408.4,613415.8,605423.2,597430.6,589438,581445.4,573452.8,565460.2,557467.6,549475,295.3,297.39,299.48,301.57,303.66,305.75,307.84,309.93,312.02,314.11,316.2,318.46,320.72,322.98,325.24,327.5,329.76,332.02,334.28,336.54,338.8, PA,25420,310M200US25420,25420,"Harrisburg-Carlisle, PA",276,4200769972,108892430,313,2015-03-23 13:36:50.527643+00,M1,Mideast
23420,"Fresno, CA",O3,4th Max,4,0.098,0.102,0.105,0.105,0.094,0.102,0.107,0.103,0.116,0.103,0.106,0.107,0.112,0.104,0.089,0.093,0.094,0.087,0.101,0.093,0.095,0.096,0.093,0.089,0.09,0.09,0.089,"Fresno, CA MSA",667490,692992.6,718495.2,743997.8,769500.4,795003,820505.6,846008.2,871510.8,897013.4,922516,923309.4,924102.8,924896.2,925689.6,926483,927276.4,928069.8,928863.2,929656.6,930450,111.9,112.1,112.3,112.5,112.7,112.9,113.1,113.3,113.5,113.7,113.9,118.13,122.36,126.59,130.82,135.05,139.28,143.51,147.74,151.97,156.2, CA,23420,310M200US23420,23420,"Fresno, CA",260,15433281557,135402342,148,2015-03-23 13:36:50.527643+00,M1,Far West
23060,"Fort Wayne, IN",O3,4th Max,2,0.086,0.088,0.088,0.081,0.094,0.094,0.091,0.087,0.089,0.089,0.086,0.078,0.095,0.087,0.071,0.081,0.072,0.079,0.068,0.065,0.067,0.071,0.076,0.062,0.063,0.061,0.068,"Fort Wayne, IN MSA",363811,377644,391477,405310,419143,432976,446809,460642,474475,488308,502141,493552.6,484964.2,476375.8,467787.4,459199,450610.6,442022.2,433433.8,424845.4,416257,268.4,262.08,255.76,249.44,243.12,236.8,230.48,224.16,217.84,211.52,205.2,215.27,225.34,235.41,245.48,255.55,265.62,275.69,285.76,295.83,305.9, IN,23060,310M200US23060,23060,"Fort Wayne, IN",258,3524896573,18684431,282,2015-03-23 13:36:50.527643+00,M1,Great Lakes
22660,"Fort Collins, CO",O3,4th Max,2,0.066,0.074,0.069,0.068,0.072,0.072,0.069,0.07,0.076,0.069,0.074,0.069,0.08,0.081,0.069,0.076,0.077,0.074,0.071,0.066,0.072,0.073,0.077,0.074,0.071,0.069,0.07,"Fort Collins--Loveland, CO MSA",186136,192671.8,199207.6,205743.4,212279.2,218815,225350.8,231886.6,238422.4,244958.2,251494,256307.6,261121.2,265934.8,270748.4,275562,280375.6,285189.2,290002.8,294816.4,299630,71.6,74.11,76.62,79.13,81.64,84.15,86.66,89.17,91.68,94.19,96.7,98.57,100.44,102.31,104.18,106.05,107.92,109.79,111.66,113.53,115.4, CO,22660,310M200US22660,22660,"Fort Collins, CO",,6723925862,98109570,594,2015-03-23 13:36:50.527643+00,M1,Rocky Mountain
22420,"Flint, MI",O3,4th Max,2,0.076,0.08,0.07,0.07,0.075,0.081,0.087,0.083,0.089,0.092,0.073,0.091,0.089,0.089,0.076,0.08,0.074,0.083,0.069,0.068,0.068,0.073,0.084,0.066,0.068,0.067,0.073,"Flint, MI PMSA",,,,,,,,,,,436141,435105.9,434070.8,433035.7,432000.6,430965.5,429930.4,428895.3,427860.2,426825.1,425790,672.9,673.8,674.7,675.6,676.5,677.4,678.3,679.2,680.1,681,681.9,680.56,679.22,677.88,676.54,675.2,673.86,672.52,671.18,669.84,668.5, MI,22420,310M200US22420,22420,"Flint, MI",220,1649729316,32693269,144,2015-03-23 13:36:50.527643+00,M1,Great Lakes
22380,"Flagstaff, AZ",O3,4th Max,1,0.072,0.073,0.074,0.066,0.073,0.069,0.075,0.072,0.072,0.076,0.071,0.07,0.079,0.073,0.072,0.079,0.07,0.069,0.071,0.066,0.069,0.074,0.073,0.069,0.069,0.07,0.064,"Flagstaff, AZ--UT MSA",,,,,,,,,,,122366,123571.5,124777,125982.5,127188,128393.5,129599,130804.5,132010,133215.5,134421,,,,,,,,,,,5.4,5.58,5.76,5.94,6.12,6.3,6.48,6.66,6.84,7.02,7.2, AZ,22380,310M200US22380,22380,"Flagstaff, AZ",,48222462009,109964003,132,2015-03-23 13:36:50.527643+00,M1,Southwest
22180,"Fayetteville, NC",O3,4th Max,1,0.087,0.078,0.079,0.093,0.084,0.081,0.086,0.085,0.093,0.1,0.086,0.081,0.094,0.086,0.072,0.084,0.072,0.08,0.075,0.065,0.071,0.073,0.068,0.062,0.061,0.06,0.064,"Fayetteville, NC MSA",274566,277405.7,280245.4,283085.1,285924.8,288764.5,291604.2,294443.9,297283.6,300123.3,302963,309305,315647,321989,328331,334673,341015,347357,353699,360041,366383,420.4,424.78,429.16,433.54,437.92,442.3,446.68,451.06,455.44,459.82,464.2,452.91,441.62,430.33,419.04,407.75,396.46,385.17,373.88,362.59,351.3, NC,22180,310M200US22180,22180,"Fayetteville, NC",246,2701923306,19282061,779,2015-03-23 13:36:50.527643+00,M1,Southeast
21780,"Evansville, IN-KY",O3,4th Max,4,0.088,0.09,0.076,0.084,0.094,0.092,0.092,0.09,0.091,0.092,0.076,0.075,0.089,0.077,0.067,0.072,0.076,0.084,0.07,0.067,0.072,0.074,0.078,0.065,0.067,0.067,0.071,"Evansville--Henderson, IN--KY MSA",278990,280710.5,282431,284151.5,285872,287592.5,289313,291033.5,292754,294474.5,296195,302443.1,308691.2,314939.3,321187.4,327435.5,333683.6,339931.7,346179.8,352427.9,358676,190.1,191.28,192.46,193.64,194.82,196,197.18,198.36,199.54,200.72,201.9,197.41,192.92,188.43,183.94,179.45,174.96,170.47,165.98,161.49,157, IN-KY,21780,310M200US21780,21780,"Evansville, IN-KY",,3793352952,125267855,791,2015-03-23 13:36:50.527643+00,M1,Great Lakes
21660,"Eugene, OR",O3,4th Max,2,0.068,0.068,0.073,0.054,0.069,0.062,0.086,0.058,0.076,0.062,0.056,0.064,0.066,0.075,0.066,0.068,0.073,0.06,0.059,0.065,0.058,0.059,0.061,0.055,0.058,0.07,0.057,"Eugene--Springfield, OR MSA",282912,286916.7,290921.4,294926.1,298930.8,302935.5,306940.2,310944.9,314949.6,318954.3,322959,325834.6,328710.2,331585.8,334461.4,337337,340212.6,343088.2,345963.8,348839.4,351715,62.1,62.98,63.86,64.74,65.62,66.5,67.38,68.26,69.14,70.02,70.9,71.53,72.16,72.79,73.42,74.05,74.68,75.31,75.94,76.57,77.2, OR,21660,310M200US21660,21660,"Eugene, OR",,11792478666,436989896,777,2015-03-23 13:36:50.527643+00,M1,Far West
21500,"Erie, PA",O3,4th Max,1,0.084,0.091,0.084,0.081,0.09,0.088,0.083,0.087,0.098,0.096,0.078,0.089,0.098,0.091,0.074,0.086,0.077,0.084,0.074,0.069,0.075,0.072,0.082,0.068,0.065,0.066,0.067,"Erie, PA MSA",275572,276099.1,276626.2,277153.3,277680.4,278207.5,278734.6,279261.7,279788.8,280315.9,280843,280815.3,280787.6,280759.9,280732.2,280704.5,280676.8,280649.1,280621.4,280593.7,280566,343.6,344.26,344.92,345.58,346.24,346.9,347.56,348.22,348.88,349.54,350.2,350.29,350.38,350.47,350.56,350.65,350.74,350.83,350.92,351.01,351.1, PA,21500,310M200US21500,21500,"Erie, PA",240,2069949565,1965850804,677,2015-03-23 13:36:50.527643+00,M1,Mideast
21340,"El Paso, TX",O3,4th Max,2,0.08,0.071,0.076,0.072,0.076,0.078,0.078,0.068,0.08,0.069,0.082,0.077,0.083,0.077,0.072,0.075,0.081,0.075,0.075,0.066,0.072,0.07,0.072,0.071,0.068,0.07,0.068,"El Paso, TX MSA",591610,600411.2,609212.4,618013.6,626814.8,635616,644417.2,653218.4,662019.6,670820.8,679622,691724.5,703827,715929.5,728032,740134.5,752237,764339.5,776442,788544.5,800647,584,592.68,601.36,610.04,618.72,627.4,636.08,644.76,653.44,662.12,670.8,682.78,694.76,706.74,718.72,730.7,742.68,754.66,766.64,778.62,790.6, TX,21340,310M200US21340,21340,"El Paso, TX",238,14461548903,7729908,38,2015-03-23 13:36:50.527643+00,M1,Southwest
19820,"Detroit-Warren-Dearborn, MI",O3,4th Max,6,0.083,0.094,0.078,0.08,0.088,0.088,0.085,0.084,0.09,0.091,0.076,0.089,0.092,0.094,0.072,0.083,0.075,0.088,0.072,0.071,0.074,0.079,0.081,0.068,0.069,0.068,0.073,"Detroit, MI PMSA",4382299,4388224.2,4394149.4,4400074.6,4405999.8,4411925,4417850.2,4423775.4,4429700.6,4435625.8,4441551,4427020.9,4412490.8,4397960.7,4383430.6,4368900.5,4354370.4,4339840.3,4325310.2,4310780.1,4296250,981.3,997.15,1013,1028.85,1044.7,1060.55,1076.4,1092.25,1108.1,1123.95,1139.8,1136.31,1132.82,1129.33,1125.84,1122.35,1118.86,1115.37,1111.88,1108.39,1104.9, MI,19820,310M200US19820,19820,"Detroit-Warren-Dearborn, MI",220,10072889357,897205561,504,2015-03-23 13:36:50.527643+00,M1,Great Lakes
19740,"Denver-Aurora-Lakewood, CO",O3,4th Max,3,0.077,0.075,0.071,0.07,0.072,0.07,0.072,0.068,0.082,0.071,0.069,0.068,0.071,0.078,0.067,0.072,0.077,0.075,0.074,0.07,0.07,0.077,0.079,0.079,0.07,0.073,0.071,"Denver, CO PMSA",1622980,1671610.2,1720240.4,1768870.6,1817500.8,1866131,1914761.2,1963391.4,2012021.6,2060651.8,2109282,2152702,2196122,2239542,2282962,2326382,2369802,2413222,2456642,2500062,2543482,431.5,444.44,457.38,470.32,483.26,496.2,509.14,522.08,535.02,547.96,560.9,535.29,509.68,484.07,458.46,432.85,407.24,381.63,356.02,330.41,304.8, CO,19740,310M200US19740,19740,"Denver-Aurora-Lakewood, CO",216,21615343186,147569563,830,2015-03-23 13:36:50.527643+00,M1,Rocky Mountain
19500,"Decatur, IL",O3,4th Max,1,0.076,0.087,0.078,0.065,0.079,0.08,0.094,0.077,0.078,0.087,0.077,0.071,0.085,0.071,0.064,0.076,0.071,0.077,0.066,0.067,0.069,0.075,0.076,0.064,0.067,0.066,0.066,"Decatur, IL MSA",117206,116956,116706,116456,116206,115956,115706,115456,115206,114956,114706,114312.2,113918.4,113524.6,113130.8,112737,112343.2,111949.4,111555.6,111161.8,110768,201.9,201.47,201.04,200.61,200.18,199.75,199.32,198.89,198.46,198.03,197.6,196.92,196.24,195.56,194.88,194.2,193.52,192.84,192.16,191.48,190.8, IL,19500,310M200US19500,19500,"Decatur, IL",,1503973612,13409460,296,2015-03-23 13:36:50.527643+00,M1,Great Lakes
19660,"Deltona-Daytona Beach-Ormond Beach, FL",O3,4th Max,2,0.073,0.073,0.073,0.074,0.072,0.068,0.066,0.072,0.08,0.075,0.075,0.072,0.068,0.071,0.067,0.069,0.071,0.065,0.064,0.058,0.064,0.062,0.063,0.06,0.061,0.057,0.06,"Daytona Beach, FL MSA",370712,382958.3,395204.6,407450.9,419697.2,431943.5,444189.8,456436.1,468682.4,480928.7,493175,493316.8,493458.6,493600.4,493742.2,493884,494025.8,494167.6,494309.4,494451.2,494593,335.2,332.73,330.26,327.79,325.32,322.85,320.38,317.91,315.44,312.97,310.5,324.37,338.24,352.11,365.98,379.85,393.72,407.59,421.46,435.33,449.2, FL,19660,310M200US19660,19660,"Deltona-Daytona Beach-Ormond Beach, FL",422,4108675135,1079745490,472,2015-03-23 13:36:50.527643+00,M1,Southeast
19100,"Dallas-Fort Worth-Arlington, TX",O3,4th Max,3,0.095,0.101,0.085,0.093,0.099,0.105,0.094,0.095,0.098,0.103,0.096,0.096,0.096,0.093,0.092,0.097,0.093,0.082,0.079,0.084,0.08,0.09,0.08,0.081,0.076,0.077,0.07,"Dallas--Fort Worth, TX CMSA",3885415,4019053.6,4152692.2,4286330.8,4419969.4,4553608,4687246.6,4820885.2,4954523.8,5088162.4,5221801,5336798.2,5451795.4,5566792.6,5681789.8,5796787,5911784.2,6026781.4,6141778.6,6256775.8,6371773,557.6,559.2,560.8,562.4,564,565.6,567.2,568.8,570.4,572,573.6,587.61,601.62,615.63,629.64,643.65,657.66,671.67,685.68,699.69,713.7, TX,19100,310M200US19100,19100,"Dallas-Fort Worth-Arlington, TX",206,24034032095,923222992,225,2015-03-23 13:36:50.527643+00,M1,Southwest
18580,"Corpus Christi, TX",O3,4th Max,2,0.081,0.073,0.079,0.081,0.079,0.089,0.08,0.074,0.082,0.085,0.082,0.075,0.081,0.08,0.074,0.068,0.07,0.069,0.072,0.066,0.073,0.077,0.067,0.066,0.066,0.064,0.062,"Corpus Christi, TX MSA",349894,352982.9,356071.8,359160.7,362249.6,365338.5,368427.4,371516.3,374605.2,377694.1,380783,385523.2,390263.4,395003.6,399743.8,404484,409224.2,413964.4,418704.6,423444.8,428185,229,231.03,233.06,235.09,237.12,239.15,241.18,243.21,245.24,247.27,249.3,248.37,247.44,246.51,245.58,244.65,243.72,242.79,241.86,240.93,240, TX,18580,310M200US18580,18580,"Corpus Christi, TX",204,4620624351,1599394603,520,2015-03-23 13:36:50.527643+00,M1,Southwest
18140,"Columbus, OH",O3,4th Max,2,0.09,0.098,0.083,0.083,0.087,0.091,0.09,0.088,0.095,0.093,0.085,0.083,0.096,0.084,0.074,0.084,0.075,0.079,0.07,0.069,0.073,0.075,0.077,0.065,0.067,0.066,0.069,"Columbus, OH MSA",1377419,1393692.8,1409966.6,1426240.4,1442514.2,1458788,1475061.8,1491335.6,1507609.4,1523883.2,1540157,1569794.9,1599432.8,1629070.7,1658708.6,1688346.5,1717984.4,1747622.3,1777260.2,1806898.1,1836536,384.9,395.44,405.98,416.52,427.06,437.6,448.14,458.68,469.22,479.76,490.3,487.56,484.82,482.08,479.34,476.6,473.86,471.12,468.38,465.64,462.9, OH,18140,310M200US18140,18140,"Columbus, OH",198,12423288761,138853043,780,2015-03-23 13:36:50.527643+00,M1,Great Lakes
17980,"Columbus, GA-AL",O3,4th Max,1,0.071,0.071,0.079,0.077,0.075,0.089,0.08,0.08,0.091,0.089,0.087,0.073,0.079,0.07,0.068,0.078,0.08,0.083,0.073,0.065,0.068,0.068,0.066,0.06,0.061,0.062,0.065,"Columbus, GA--AL MSA",243072,246227.2,249382.4,252537.6,255692.8,258848,262003.2,265158.4,268313.6,271468.8,274624,276648.1,278672.2,280696.3,282720.4,284744.5,286768.6,288792.7,290816.8,292840.9,294865,219.7,215.22,210.74,206.26,201.78,197.3,192.82,188.34,183.86,179.38,174.9,172.64,170.38,168.12,165.86,163.6,161.34,159.08,156.82,154.56,152.3, GA-AL,17980,310M200US17980,17980,"Columbus, GA-AL",194,5014778499,61081481,295,2015-03-23 13:36:50.527643+00,M1,Southeast
17900,"Columbia, SC",O3,4th Max,1,0.093,0.074,0.07,0.089,0.082,0.079,0.077,0.086,0.098,0.094,0.096,0.082,0.084,0.075,0.082,0.082,0.082,0.077,0.077,0.064,0.07,0.077,0.065,0.053,0.056,0.056,0.065,"Columbia, SC MSA",453331,461667,470003,478339,486675,495011,503347,511683,520019,528355,536691,559781.7,582872.4,605963.1,629053.8,652144.5,675235.2,698325.9,721416.6,744507.3,767598,311.1,316.86,322.62,328.38,334.14,339.9,345.66,351.42,357.18,362.94,368.7,352.56,336.42,320.28,304.14,288,271.86,255.72,239.58,223.44,207.3, SC,17900,310M200US17900,17900,"Columbia, SC",192,9590266965,339803616,802,2015-03-23 13:36:50.527643+00,M1,Southeast
17460,"Cleveland-Elyria, OH",O3,4th Max,3,0.085,0.091,0.085,0.092,0.088,0.092,0.092,0.084,0.092,0.089,0.076,0.085,0.097,0.086,0.071,0.083,0.079,0.078,0.081,0.071,0.077,0.08,0.087,0.068,0.069,0.071,0.072,"Cleveland--Lorain--Elyria, OH PMSA",2759823,2708927.8,2658032.6,2607137.4,2556242.2,2505347,2454451.8,2403556.6,2352661.4,2301766.2,2250871,2233507.9,2216144.8,2198781.7,2181418.6,2164055.5,2146692.4,2129329.3,2111966.2,2094603.1,2077240,948.4,936.71,925.02,913.33,901.64,889.95,878.26,866.57,854.88,843.19,831.5,852.35,873.2,894.05,914.9,935.75,956.6,977.45,998.3,1019.15,1040, OH,17460,310M200US17460,17460,"Cleveland-Elyria, OH",184,5174448881,5132097166,303,2015-03-23 13:36:50.527643+00,M1,Great Lakes
17140,"Cincinnati, OH-KY-IN",O3,4th Max,4,0.092,0.097,0.073,0.084,0.091,0.09,0.088,0.086,0.088,0.091,0.082,0.084,0.098,0.088,0.074,0.086,0.078,0.086,0.075,0.069,0.076,0.079,0.082,0.065,0.069,0.069,0.072,"Cincinnati--Hamilton, OH--KY--IN CMSA",1744124,1767631.8,1791139.6,1814647.4,1838155.2,1861663,1885170.8,1908678.6,1932186.4,1955694.2,1979202,1994296.9,2009391.8,2024486.7,2039581.6,2054676.5,2069771.4,2084866.3,2099961.2,2115056.1,2130151,672.8,657.48,642.16,626.84,611.52,596.2,580.88,565.56,550.24,534.92,519.6,516.14,512.68,509.22,505.76,502.3,498.84,495.38,491.92,488.46,485, OH-KY-IN,17140,310M200US17140,17140,"Cincinnati, OH-KY-IN",178,10788785505,192507575,480,2015-03-23 13:36:50.527643+00,M1,Great Lakes
16980,"Chicago-Naperville-Elgin, IL-IN-WI",O3,4th Max,12,0.074,0.088,0.078,0.071,0.078,0.094,0.081,0.083,0.078,0.088,0.073,0.081,0.093,0.077,0.068,0.084,0.07,0.079,0.065,0.066,0.07,0.072,0.082,0.066,0.068,0.066,0.074,"Chicago--Gary--Kenosha, IL--IN--WI CMSA",8065633,8174823.7,8284014.4,8393205.1,8502395.8,8611586.5,8720777.2,8829967.9,8939158.6,9048349.3,9157540,9187896.5,9218253,9248609.5,9278966,9309322.5,9339679,9370035.5,9400392,9430748.5,9461105,1435.5,1424.15,1412.8,1401.45,1390.1,1378.75,1367.4,1356.05,1344.7,1333.35,1322,1321.26,1320.52,1319.78,1319.04,1318.3,1317.56,1316.82,1316.08,1315.34,1314.6, IL-IN-WI,16980,310M200US16980,16980,"Chicago-Naperville-Elgin, IL-IN-WI",176,18639863244,6168548479,465,2015-03-23 13:36:50.527643+00,M1,Great Lakes
16860,"Chattanooga, TN-GA",O3,4th Max,1,0.091,0.082,0.078,0.087,0.084,0.086,0.085,0.089,0.097,0.098,0.098,0.082,0.099,0.08,0.076,0.077,0.088,0.085,0.076,0.066,0.076,0.074,0.077,0.061,0.064,0.068,0.065,"Chattanooga, TN--GA MSA",433210,436405.1,439600.2,442795.3,445990.4,449185.5,452380.6,455575.7,458770.8,461965.9,465161,471459.2,477757.4,484055.6,490353.8,496652,502950.2,509248.4,515546.6,521844.8,528143,207.2,211.99,216.78,221.57,226.36,231.15,235.94,240.73,245.52,250.31,255.1,254.87,254.64,254.41,254.18,253.95,253.72,253.49,253.26,253.03,252.8, TN-GA,16860,310M200US16860,16860,"Chattanooga, TN-GA",174,5410466958,126497676,424,2015-03-23 13:36:50.527643+00,M1,Southeast
16740,"Charlotte-Concord-Gastonia, NC-SC",O3,4th Max,2,0.098,0.091,0.085,0.098,0.089,0.094,0.099,0.098,0.107,0.104,0.094,0.093,0.101,0.081,0.08,0.088,0.086,0.092,0.083,0.07,0.08,0.083,0.079,0.064,0.066,0.066,0.066,"Charlotte--Gastonia--Rock Hill, NC--SC MSA",1162093,1195813,1229533,1263253,1296973,1330693,1364413,1398133,1431853,1465573,1499293,1525167.5,1551042,1576916.5,1602791,1628665.5,1654540,1680414.5,1706289,1732163.5,1758038,344,354,364,374,384,394,404,414,424,434,444,456.58,469.16,481.74,494.32,506.9,519.48,532.06,544.64,557.22,569.8, NC-SC,16740,310M200US16740,16740,"Charlotte-Concord-Gastonia, NC-SC",172,13122653412,291024122,261,2015-03-23 13:36:50.527643+00,M1,Southeast
16700,"Charleston-North Charleston, SC",O3,4th Max,2,0.068,0.066,0.071,0.072,0.07,0.071,0.074,0.077,0.079,0.082,0.078,0.07,0.075,0.072,0.072,0.073,0.071,0.065,0.069,0.059,0.067,0.066,0.063,0.059,0.06,0.054,0.058,"Charleston--North Charleston, SC MSA",506875,511090.8,515306.6,519522.4,523738.2,527954,532169.8,536385.6,540601.4,544817.2,549033,560590.4,572147.8,583705.2,595262.6,606820,618377.4,629934.8,641492.2,653049.6,664607,195.6,197.23,198.86,200.49,202.12,203.75,205.38,207.01,208.64,210.27,211.9,216.39,220.88,225.37,229.86,234.35,238.84,243.33,247.82,252.31,256.8, SC,16700,310M200US16700,16700,"Charleston-North Charleston, SC",,6703709452,1488568244,333,2015-03-23 13:36:50.527643+00,M1,Southeast
15940,"Canton-Massillon, OH",O3,4th Max,2,0.088,0.091,0.079,0.09,0.084,0.093,0.085,0.083,0.096,0.09,0.084,0.089,0.096,0.087,0.075,0.081,0.077,0.086,0.077,0.064,0.079,0.079,0.074,0.069,0.063,0.07,0.072,"Canton--Massillon, OH MSA",394106,395388.8,396671.6,397954.4,399237.2,400520,401802.8,403085.6,404368.4,405651.2,406934,406682.8,406431.6,406180.4,405929.2,405678,405426.8,405175.6,404924.4,404673.2,404422,405.9,407.23,408.56,409.89,411.22,412.55,413.88,415.21,416.54,417.87,419.2,418.98,418.76,418.54,418.32,418.1,417.88,417.66,417.44,417.22,417, OH,15940,310M200US15940,15940,"Canton-Massillon, OH",184,2512120841,24803454,34,2015-03-23 13:36:50.527643+00,M1,Great Lakes
15540,"Burlington-South Burlington, VT",O3,4th Max,1,0.072,0.08,0.086,0.076,0.075,0.074,0.065,0.072,0.073,0.079,0.071,0.076,0.084,0.074,0.071,0.069,0.065,0.077,0.07,0.061,0.063,0.058,0.065,0.062,0.059,0.066,0.063,"Burlington, VT MSA",131439,135234.2,139029.4,142824.6,146619.8,150415,154210.2,158005.4,161800.6,165595.8,169391,167565,165739,163913,162087,160261,158435,156609,154783,152957,151131,302.9,302.75,302.6,302.45,302.3,302.15,302,301.85,301.7,301.55,301.4,306.91,312.42,317.93,323.44,328.95,334.46,339.97,345.48,350.99,356.5, VT,15540,310M200US15540,15540,"Burlington-South Burlington, VT",,3242924317,657475011,473,2015-03-23 13:36:50.527643+00,M1,New England
15380,"Buffalo-Cheektowaga-Niagara Falls, NY",O3,4th Max,2,0.089,0.094,0.08,0.077,0.082,0.088,0.078,0.077,0.092,0.089,0.083,0.099,0.102,0.092,0.078,0.09,0.079,0.084,0.075,0.066,0.072,0.071,0.081,0.068,0.062,0.069,0.072,"Buffalo--Niagara Falls, NY MSA",1189288,1187370.3,1185452.6,1183534.9,1181617.2,1179699.5,1177781.8,1175864.1,1173946.4,1172028.7,1170111,1166650.8,1163190.6,1159730.4,1156270.2,1152810,1149349.8,1145889.6,1142429.4,1138969.2,1135509,758.7,757.49,756.28,755.07,753.86,752.65,751.44,750.23,749.02,747.81,746.6,744.49,742.38,740.27,738.16,736.05,733.94,731.83,729.72,727.61,725.5, NY,15380,310M200US15380,15380,"Buffalo-Cheektowaga-Niagara Falls, NY",160,4053478183,2075788304,652,2015-03-23 13:36:50.527643+00,M1,Mideast
14860,"Bridgeport-Stamford-Norwalk, CT",O3,4th Max,3,0.106,0.109,0.087,0.103,0.098,0.103,0.09,0.103,0.093,0.103,0.088,0.099,0.105,0.095,0.081,0.094,0.093,0.089,0.084,0.072,0.081,0.084,0.087,0.083,0.075,0.083,0.081,"Bridgeport, CT PMSA",443722,445297.7,446873.4,448449.1,450024.8,451600.5,453176.2,454751.9,456327.6,457903.3,459479,505214,550949,596684,642419,688154,733889,779624,825359,871094,916829,1694.6,1700.63,1706.66,1712.69,1718.72,1724.75,1730.78,1736.81,1742.84,1748.87,1754.9,1726.13,1697.36,1668.59,1639.82,1611.05,1582.28,1553.51,1524.74,1495.97,1467.2, CT,14860,310M200US14860,14860,"Bridgeport-Stamford-Norwalk, CT",408,1618655647,548962761,693,2015-03-23 13:36:50.527643+00,M1,New England
13900,"Bismarck, ND",O3,4th Max,1,0.059,0.059,0.061,0.053,0.057,0.057,0.057,0.062,0.06,0.059,0.055,0.057,0.058,0.062,0.05,0.057,0.064,0.059,0.06,0.057,0.061,0.058,0.057,0.061,0.06,0.064,0.054,"Bismarck, ND MSA",83831,84919.8,86008.6,87097.4,88186.2,89275,90363.8,91452.6,92541.4,93630.2,94719,96125,97531,98937,100343,101749,103155,104561,105967,107373,108779,23.6,23.9,24.2,24.5,24.8,25.1,25.4,25.7,26,26.3,26.6,27,27.4,27.8,28.2,28.6,29,29.4,29.8,30.2,30.6, ND,13900,310M200US13900,13900,"Bismarck, ND",,13922499584,252946940,737,2015-03-23 13:36:50.527643+00,M1,Plains
13820,"Birmingham-Hoover, AL",O3,4th Max,5,0.094,0.074,0.082,0.084,0.078,0.098,0.094,0.084,0.099,0.095,0.091,0.083,0.085,0.077,0.074,0.084,0.086,0.092,0.077,0.067,0.075,0.078,0.078,0.065,0.064,0.068,0.07,"Birmingham, AL MSA",907810,909139.6,910469.2,911798.8,913128.4,914458,915787.6,917117.2,918446.8,919776.4,921106,941800.1,962494.2,983188.3,1003882.4,1024576.5,1045270.6,1065964.7,1086658.8,1107352.9,1128047,228,234.11,240.22,246.33,252.44,258.55,264.66,270.77,276.88,282.99,289.1,281.56,274.02,266.48,258.94,251.4,243.86,236.32,228.78,221.24,213.7, AL,13820,310M200US13820,13820,"Birmingham-Hoover, AL",142,13674030017,233616466,546,2015-03-23 13:36:50.527643+00,M1,Southeast
13380,"Bellingham, WA",O3,4th Max,1,0.061,0.058,0.056,0.058,0.059,0.054,0.062,0.052,0.056,0.05,0.052,0.05,0.053,0.056,0.062,0.055,0.055,0.052,0.049,0.046,0.048,0.043,0.047,0.043,0.046,0.048,0.045,"Bellingham, WA MSA",127780,131683.4,135586.8,139490.2,143393.6,147297,151200.4,155103.8,159007.2,162910.6,166814,170246.6,173679.2,177111.8,180544.4,183977,187409.6,190842.2,194274.8,197707.4,201140,60.3,62.14,63.98,65.82,67.66,69.5,71.34,73.18,75.02,76.86,78.7,80.38,82.06,83.74,85.42,87.1,88.78,90.46,92.14,93.82,95.5, WA,13380,310M200US13380,13380,"Bellingham, WA",,5456494469,1027129386,592,2015-03-23 13:36:50.527643+00,M1,Far West
13140,"Beaumont-Port Arthur, TX",O3,4th Max,3,0.087,0.097,0.094,0.088,0.081,0.098,0.082,0.092,0.086,0.072,0.091,0.077,0.078,0.082,0.08,0.079,0.083,0.075,0.069,0.072,0.077,0.076,0.071,0.064,0.064,0.069,0.061,"Beaumont--Port Arthur, TX MSA",361226,363612.4,365998.8,368385.2,370771.6,373158,375544.4,377930.8,380317.2,382703.6,385090,385455.5,385821,386186.5,386552,386917.5,387283,387648.5,388014,388379.5,388745,167.7,168.81,169.92,171.03,172.14,173.25,174.36,175.47,176.58,177.69,178.8,179.43,180.06,180.69,181.32,181.95,182.58,183.21,183.84,184.47,185.1, TX,13140,310M200US13140,13140,"Beaumont-Port Arthur, TX",,7858900936,764357196,308,2015-03-23 13:36:50.527643+00,M1,Southwest
12940,"Baton Rouge, LA",O3,4th Max,3,0.105,0.089,0.081,0.078,0.082,0.091,0.085,0.087,0.087,0.087,0.09,0.077,0.077,0.09,0.083,0.09,0.088,0.081,0.074,0.076,0.075,0.078,0.074,0.064,0.071,0.069,0.066,"Baton Rouge, LA MSA",528264,535727,543190,550653,558116,565579,573042,580505,587968,595431,602894,622853,642812,662771,682730,702689,722648,742607,762566,782525,802484,333,337.71,342.42,347.13,351.84,356.55,361.26,365.97,370.68,375.39,380.1,362.02,343.94,325.86,307.78,289.7,271.62,253.54,235.46,217.38,199.3, LA,12940,310M200US12940,12940,"Baton Rouge, LA",,10429568950,456494883,354,2015-03-23 13:36:50.527643+00,M1,Southeast
12700,"Barnstable Town, MA",O3,4th Max,1,0.097,0.111,0.096,0.088,0.088,0.105,0.096,0.1,0.084,0.101,0.083,0.105,0.093,0.089,0.083,0.088,0.082,0.082,0.075,0.071,0.078,0.068,0.079,0.071,0.059,0.071,0.065,"Barnstable--Yarmouth, MA MSA",,,,,,,,,,,162582,167912.6,173243.2,178573.8,183904.4,189235,194565.6,199896.2,205226.8,210557.4,215888,,,,,,,,,,,625.8,618.05,610.3,602.55,594.8,587.05,579.3,571.55,563.8,556.05,548.3, MA,12700,310M200US12700,12700,"Barnstable Town, MA",148,1019719596,2361606157,341,2015-03-23 13:36:50.527643+00,M1,New England
12580,"Baltimore-Columbia-Towson, MD",O3,4th Max,6,0.098,0.107,0.093,0.107,0.095,0.104,0.09,0.103,0.097,0.106,0.09,0.098,0.107,0.083,0.082,0.089,0.089,0.086,0.084,0.072,0.085,0.087,0.083,0.069,0.067,0.073,0.075,"Baltimore, MD PMSA",2382172,2399254.2,2416336.4,2433418.6,2450500.8,2467583,2484665.2,2501747.4,2518829.6,2535911.8,2552994,2568743.5,2584493,2600242.5,2615992,2631741.5,2647491,2663240.5,2678990,2694739.5,2710489,913,919.55,926.1,932.65,939.2,945.75,952.3,958.85,965.4,971.95,978.5,984.84,991.18,997.52,1003.86,1010.2,1016.54,1022.88,1029.22,1035.56,1041.9, MD,12580,310M200US12580,12580,"Baltimore-Columbia-Towson, MD",548,6738539463,1303423420,221,2015-03-23 13:36:50.527643+00,M1,Mideast
12540,"Bakersfield, CA",O3,4th Max,4,0.099,0.102,0.097,0.104,0.102,0.107,0.109,0.094,0.114,0.095,0.099,0.099,0.103,0.098,0.09,0.093,0.098,0.088,0.097,0.088,0.092,0.089,0.086,0.079,0.081,0.084,0.081,"Bakersfield, CA MSA",543477,555293.8,567110.6,578927.4,590744.2,602561,614377.8,626194.6,638011.4,649828.2,661645,679443.6,697242.2,715040.8,732839.4,750638,768436.6,786235.2,804033.8,821832.4,839631,66.8,68.25,69.7,71.15,72.6,74.05,75.5,76.95,78.4,79.85,81.3,83.5,85.7,87.9,90.1,92.3,94.5,96.7,98.9,101.1,103.3, CA,12540,310M200US12540,12540,"Bakersfield, CA",,21061727156,79488696,654,2015-03-23 13:36:50.527643+00,M1,Far West
12420,"Austin-Round Rock, TX",O3,4th Max,1,0.088,0.083,0.081,0.08,0.085,0.089,0.08,0.075,0.088,0.087,0.088,0.078,0.091,0.084,0.082,0.082,0.082,0.076,0.074,0.076,0.074,0.075,0.074,0.069,0.062,0.073,0.064,"Austin--San Marcos, TX MSA",781572,828391.1,875210.2,922029.3,968848.4,1015667.5,1062486.6,1109305.7,1156124.8,1202943.9,1249763,1296415.6,1343068.2,1389720.8,1436373.4,1483026,1529678.6,1576331.2,1622983.8,1669636.4,1716289,280,281.59,283.18,284.77,286.36,287.95,289.54,291.13,292.72,294.31,295.9,306.98,318.06,329.14,340.22,351.3,362.38,373.46,384.54,395.62,406.7, TX,12420,310M200US12420,12420,"Austin-Round Rock, TX",,10929925273,155426534,551,2015-03-23 13:36:50.527643+00,M1,Southwest
12260,"Augusta-Richmond County, GA-SC",O3,4th Max,3,0.085,0.076,0.074,0.084,0.08,0.079,0.084,0.083,0.096,0.087,0.087,0.08,0.092,0.072,0.077,0.076,0.075,0.078,0.074,0.065,0.067,0.068,0.062,0.057,0.059,0.059,0.063,"Augusta--Aiken, GA--SC MSA",396809,404872.2,412935.4,420998.6,429061.8,437125,445188.2,453251.4,461314.6,469377.8,477441,485384.6,493328.2,501271.8,509215.4,517159,525102.6,533046.2,540989.8,548933.4,556877,203.8,202.92,202.04,201.16,200.28,199.4,198.52,197.64,196.76,195.88,195,192.53,190.06,187.59,185.12,182.65,180.18,177.71,175.24,172.77,170.3, GA-SC,12260,310M200US12260,12260,"Augusta-Richmond County, GA-SC",,9014947342,262801704,75,2015-03-23 13:36:50.527643+00,M1,Southeast
12060,"Atlanta-Sandy Springs-Roswell, GA",O3,4th Max,4,0.104,0.09,0.088,0.106,0.088,0.103,0.097,0.096,0.112,0.112,0.101,0.084,0.096,0.082,0.082,0.087,0.092,0.093,0.084,0.073,0.076,0.078,0.079,0.066,0.072,0.07,0.073,"Atlanta, GA MSA",2833511,2961379.7,3089248.4,3217117.1,3344985.8,3472854.5,3600723.2,3728591.9,3856460.6,3984329.3,4112198,4227864.2,4343530.4,4459196.6,4574862.8,4690529,4806195.2,4921861.4,5037527.6,5153193.8,5268860,553.3,565.12,576.94,588.76,600.58,612.4,624.22,636.04,647.86,659.68,671.5,667.54,663.58,659.62,655.66,651.7,647.74,643.78,639.82,635.86,631.9, GA,12060,310M200US12060,12060,"Atlanta-Sandy Springs-Roswell, GA",122,22485743389,398493080,466,2015-03-23 13:36:50.527643+00,M1,Southeast
11700,"Asheville, NC",O3,4th Max,1,0.073,0.063,0.064,0.066,0.069,0.076,0.074,0.075,0.09,0.084,0.09,0.076,0.09,0.07,0.073,0.079,0.071,0.073,0.071,0.064,0.071,0.067,0.067,0.061,0.064,0.065,0.062,"Asheville, NC MSA",174821,179935.4,185049.8,190164.2,195278.6,200393,205507.4,210621.8,215736.2,220850.6,225965,245854.3,265743.6,285632.9,305522.2,325411.5,345300.8,365190.1,385079.4,404968.7,424858,266.4,260.2,254,247.8,241.6,235.4,229.2,223,216.8,210.6,204.4,204.86,205.32,205.78,206.24,206.7,207.16,207.62,208.08,208.54,209, NC,11700,310M200US11700,11700,"Asheville, NC",120,5265310720,21826146,94,2015-03-23 13:36:50.527643+00,M1,Southeast
11020,"Altoona, PA",O3,4th Max,1,0.081,0.092,0.079,0.086,0.092,0.091,0.083,0.096,0.098,0.091,0.08,0.083,0.089,0.083,0.073,0.077,0.071,0.071,0.075,0.065,0.072,0.074,0.08,0.065,0.06,0.069,0.062,"Altoona, PA MSA",130542,130402.2,130262.4,130122.6,129982.8,129843,129703.2,129563.4,129423.6,129283.8,129144,128938.5,128733,128527.5,128322,128116.5,127911,127705.5,127500,127294.5,127089,248.3,248.03,247.76,247.49,247.22,246.95,246.68,246.41,246.14,245.87,245.6,245.21,244.82,244.43,244.04,243.65,243.26,242.87,242.48,242.09,241.7, PA,11020,310M200US11020,11020,"Altoona, PA",,1361815261,3285515,271,2015-03-23 13:36:50.527643+00,M1,Mideast
10900,"Allentown-Bethlehem-Easton, PA-NJ",O3,4th Max,1,0.093,0.098,0.078,0.082,0.084,0.091,0.094,0.101,0.095,0.105,0.091,0.094,0.097,0.087,0.083,0.086,0.08,0.081,0.08,0.069,0.08,0.079,0.075,0.068,0.068,0.07,0.071,"Allentown--Bethlehem--Easton, PA MSA",686688,681815,676942,672069,667196,662323,657450,652577,647704,642831,637958,656279.5,674601,692922.5,711244,729565.5,747887,766208.5,784530,802851.5,821173,470,480.92,491.84,502.76,513.68,524.6,535.52,546.44,557.36,568.28,579.2,577.79,576.38,574.97,573.56,572.15,570.74,569.33,567.92,566.51,565.1, PA-NJ,10900,310M200US10900,10900,"Allentown-Bethlehem-Easton, PA-NJ",408,3763879229,58582138,655,2015-03-23 13:36:50.527643+00,M1,Mideast
10740,"Albuquerque, NM",O3,4th Max,3,0.072,0.067,0.064,0.064,0.074,0.07,0.067,0.066,0.071,0.072,0.072,0.071,0.074,0.076,0.071,0.073,0.071,0.069,0.064,0.064,0.066,0.069,0.07,0.067,0.062,0.066,0.065,"Albuquerque, NM MSA",480577,503793.1,527009.2,550225.3,573441.4,596657.5,619873.6,643089.7,666305.8,689521.9,712738,730171.9,747605.8,765039.7,782473.6,799907.5,817341.4,834775.3,852209.2,869643.1,887077,412.1,382.88,353.66,324.44,295.22,266,236.78,207.56,178.34,149.12,119.9,117.47,115.04,112.61,110.18,107.75,105.32,102.89,100.46,98.03,95.6, NM,10740,310M200US10740,10740,"Albuquerque, NM",106,24041232928,37945456,359,2015-03-23 13:36:50.527643+00,M1,Southwest
10580,"Albany-Schenectady-Troy, NY",O3,4th Max,2,0.086,0.086,0.086,0.082,0.08,0.079,0.077,0.08,0.079,0.088,0.07,0.089,0.091,0.081,0.075,0.082,0.07,0.078,0.078,0.066,0.072,0.066,0.071,0.063,0.061,0.062,0.068,"Albany--Schenectady--Troy, NY MSA",874304,874431.9,874559.8,874687.7,874815.6,874943.5,875071.4,875199.3,875327.2,875455.1,875583,875096.3,874609.6,874122.9,873636.2,873149.5,872662.8,872176.1,871689.4,871202.7,870716,269.1,269.36,269.62,269.88,270.14,270.4,270.66,270.92,271.18,271.44,271.7,275.5,279.3,283.1,286.9,290.7,294.5,298.3,302.1,305.9,309.7, NY,10580,310M200US10580,10580,"Albany-Schenectady-Troy, NY",104,7282102948,172593194,491,2015-03-23 13:36:50.527643+00,M1,Mideast
10420,"Akron, OH",O3,4th Max,2,0.09,0.101,0.087,0.093,0.086,0.092,0.091,0.087,0.097,0.097,0.085,0.096,0.1,0.09,0.079,0.091,0.074,0.087,0.075,0.067,0.074,0.073,0.072,0.059,0.06,0.065,0.06,"Akron, OH PMSA",657575,661313.5,665052,668790.5,672529,676267.5,680006,683744.5,687483,691221.5,694960,695784,696608,697432,698256,699080,699904,700728,701552,702376,703200,726.4,730.54,734.68,738.82,742.96,747.1,751.24,755.38,759.52,763.66,767.8,769.14,770.48,771.82,773.16,774.5,775.84,777.18,778.52,779.86,781.2, OH,10420,310M200US10420,10420,"Akron, OH",184,2331622010,62015959,83,2015-03-23 13:36:50.527643+00,M1,Great Lakes
