<?xml version="1.0" encoding="UTF-8"?>
<metadata xml:lang="en"><Esri><CreaDate>20160107</CreaDate><CreaTime>09080200</CreaTime><ArcGISFormat>1.0</ArcGISFormat><SyncOnce>TRUE</SyncOnce><DataProperties><lineage><Process ToolSource="c:\program files (x86)\arcgis\desktop10.3\ArcToolbox\Toolboxes\Conversion Tools.tbx\FeatureToRaster" Date="20160107" Time="090802">FeatureToRaster ftpt_with_smallGaps Value C:\Urban_Landscape_Analysis_Data_200cities\Output\Accra\cityBoundary_smallGaps_filled_t3.img 30</Process></lineage></DataProperties></Esri></metadata>
