<?xml version="1.0" encoding="UTF-8"?>
<metadata xml:lang="en"><Esri><CreaDate>20160707</CreaDate><CreaTime>00245300</CreaTime><ArcGISFormat>1.0</ArcGISFormat><SyncOnce>TRUE</SyncOnce><DataProperties><lineage><Process ToolSource="c:\program files (x86)\arcgis\desktop10.3\ArcToolbox\Toolboxes\Conversion Tools.tbx\RasterToPolygon" Date="20160707" Time="002453">RasterToPolygon C:\Temp\Extract_city1 C:\Urban_Landscape_Analysis_Data_200cities\Output\Accra\urban_edge_t3.shp NO_SIMPLIFY VALUE</Process><Process ToolSource="c:\program files (x86)\arcgis\desktop10.3\ArcToolbox\Toolboxes\Data Management Tools.tbx\AddField" Date="20160809" Time="213440">AddField C:\Urban_Landscape_Analysis_Data_200cities\Output\Accra\urban_edge_t3.shp Value SHORT # # # # NULLABLE NON_REQUIRED #</Process></lineage></DataProperties></Esri></metadata>
