<PAMDataset>
  <Metadata>
    <MDI key="DataType">Generic</MDI>
  </Metadata>
  <PAMRasterBand band="1">
    <Description>Layer_1</Description>
    <Histograms>
      <HistItem>
        <HistMin>-0.5</HistMin>
        <HistMax>7.5</HistMax>
        <BucketCount>8</BucketCount>
        <IncludeOutOfRange>1</IncludeOutOfRange>
        <Approximate>0</Approximate>
        <HistCounts>0|357343|53488|38212|140212|3262|3612976|84435</HistCounts>
      </HistItem>
    </Histograms>
    <GDALRasterAttributeTable>
      <FieldDefn index="0">
        <Name>Rowid</Name>
        <Type>0</Type>
        <Usage>0</Usage>
      </FieldDefn>
      <FieldDefn index="1">
        <Name>VALUE</Name>
        <Type>0</Type>
        <Usage>0</Usage>
      </FieldDefn>
      <FieldDefn index="2">
        <Name>COUNT</Name>
        <Type>0</Type>
        <Usage>0</Usage>
      </FieldDefn>
      <Row index="0">
        <F>0</F>
        <F>1</F>
        <F>357343</F>
      </Row>
      <Row index="1">
        <F>1</F>
        <F>2</F>
        <F>53488</F>
      </Row>
      <Row index="2">
        <F>2</F>
        <F>3</F>
        <F>38212</F>
      </Row>
      <Row index="3">
        <F>3</F>
        <F>4</F>
        <F>140212</F>
      </Row>
      <Row index="4">
        <F>4</F>
        <F>5</F>
        <F>3262</F>
      </Row>
      <Row index="5">
        <F>5</F>
        <F>6</F>
        <F>3612976</F>
      </Row>
      <Row index="6">
        <F>6</F>
        <F>7</F>
        <F>84435</F>
      </Row>
    </GDALRasterAttributeTable>
    <Metadata domain="IMAGE_STRUCTURE">
      <MDI key="COMPRESSION">RLE</MDI>
    </Metadata>
    <Metadata>
      <MDI key="SourceBandIndex">0</MDI>
      <MDI key="STATISTICS_COVARIANCES">2.22219626248484</MDI>
      <MDI key="STATISTICS_EXCLUDEDVALUES"></MDI>
      <MDI key="STATISTICS_MAXIMUM">7</MDI>
      <MDI key="STATISTICS_MEAN">5.4604678679922</MDI>
      <MDI key="STATISTICS_MINIMUM">1</MDI>
      <MDI key="STATISTICS_SKIPFACTORX">1</MDI>
      <MDI key="STATISTICS_SKIPFACTORY">1</MDI>
      <MDI key="STATISTICS_STDDEV">1.4907032778138</MDI>
    </Metadata>
  </PAMRasterBand>
</PAMDataset>
